"Period","Event Type","Name","Start (mm:ss)","Event Time (mm:ss)","Stop (mm:ss)","Start (ms)","Stop (ms)","Players","Teams","Tags","X Start","Y Start","X End","Y End","","","","","","","","","","",""
"1","Substitution","Lineup","00:00","00:00","00:00","0","0","","","","","","","","","","","","","","","","","",""
"1","Kick-off","Kick-off 001","01:21","01:31","01:41","81970","101970","#20 Ojakangas E.","","Outcome: 1st half | New subcategory 2: Right","","","","","","","","","","","","","","",""
"1","Pass","Pass 001","01:26","01:32","01:36","86970","96970","#20 Ojakangas E.","","Outcome: Pass | New subcategory 2: success","0.500","0.496","0.690","0.496","","","","","","","","","","",""
"1","Pass","Pass 002","01:32","01:38","01:42","92130","102130","#30 Lehtinen Lassi","","Outcome: Pass | New subcategory 2: failed","0.671","0.541","0.391","0.830","","","","","","","","","","",""
"1","extraction ","extraction  001","01:34","01:44","01:54","94410","114410","#30 Lehtinen Lassi","","Outcome: recovery","0.723","0.733","","","","","","","","","","","","",""
"1","Pass","Pass 003","01:39","01:45","01:49","99110","109110","#30 Lehtinen Lassi","","Outcome: Pass | New subcategory 2: success","0.723","0.689","0.600","0.889","","","","","","","","","","",""
"1","Pass","Pass 004","01:41","01:47","01:51","101330","111330","#15 laine S.","","New subcategory 2: success | Outcome: Pass","0.642","0.948","0.746","0.881","","","","","","","","","","",""
"1","extraction ","extraction  002","01:43","01:53","02:03","103070","123070","#40 Puhakainen L.","","Outcome: clearance","0.713","0.874","","","","","","","","","","","","",""
"1","pressing","pressing 001","01:53","02:03","02:13","113130","133130","#11 Reiju R.","","","0.320","0.222","0.277","0.178","","","","","","","","","","",""
"1","Ground","Ground 001","02:04","02:10","02:14","124810","134810","#8 O. Adawi","","New subcategory 1: Defensive | New subcategory 2: Failure","0.566","0.252","","","","","","","","","","","","",""
"1","P/A","P/A 001","02:01","02:11","02:21","121590","141590","","","Outcome: Success | : progressive","0.382","0.296","0.600","0.296","","","","","","","","","","",""
"1","pressing","pressing 002","02:13","02:23","02:33","133550","153550","#29 Haapalainen R.","","","0.600","0.778","0.543","0.785","","","","","","","","","","",""
"1","pressing","pressing 003","02:16","02:26","02:36","136970","156970","#10 Talvitie E.","","","0.415","0.474","0.344","0.496","","","","","","","","","","",""
"1","extraction ","extraction  003","02:21","02:31","02:41","141670","161670","#20 Ojakangas E.","","Outcome: interception","0.448","0.185","","","","","","","","","","","","",""
"1","Pass","Pass 005","02:30","02:36","02:40","150330","160330","#20 Ojakangas E.","","Outcome: Pass | New subcategory 2: failed","0.382","0.267","0.268","0.363","","","","","","","","","","",""
"1","counter pressing","counter pressing 001","02:30","02:40","02:50","150410","170410","#6 Marshall P.","","New subcategory 1: success","0.358","0.378","","","","","","","","","","","","",""
"1","Pass","Pass 006","02:34","02:40","02:44","154950","164950","#6 Marshall P.","","Outcome: Pass | New subcategory 2: success","0.320","0.281","0.197","0.126","","","","","","","","","","",""
"1","Pass","Pass 007","02:37","02:43","02:47","157270","167270","#11 Reiju R.","","Outcome: Cross | New subcategory 2: failed","0.149","0.096","0.031","0.207","","","","","","","","","","",""
"1","Pass","Pass 008","03:13","03:19","03:23","193710","203710","#10 Talvitie E.","","Outcome: Corner | New subcategory 2: failed","0.017","0.015","0.045","0.356","","","","","","","","","","",""
"1","extraction ","extraction  004","03:12","03:22","03:32","192770","212770","#6 Marshall P.","","Outcome: interception","0.291","0.296","","","","","","","","","","","","",""
"1","Pass","Pass 009","03:17","03:23","03:27","197250","207250","#6 Marshall P.","","Outcome: Pass | New subcategory 2: success","0.306","0.281","0.159","0.081","","","","","","","","","","",""
"1","Shot","Shot 001","03:19","03:26","03:31","199130","211130","#10 Talvitie E.","","New subcategory 1: Off target | New subcategory 2: open ","0.154","0.289","0.121","0.348","","","","","","","","","","",""
"1","Miscontrol","Miscontrol 001","03:23","03:29","03:33","203170","213170","#6 Marshall P.","","","0.211","0.341","","","","","","","","","","","","",""
"1","extraction ","extraction  005","03:23","03:33","03:43","203130","223130","#20 Ojakangas E.","","Outcome: interception","0.457","0.674","","","","","","","","","","","","",""
"1","Pass","Pass 010","03:29","03:35","03:39","209810","219810","#20 Ojakangas E.","","Outcome: Pass | New subcategory 2: success","0.462","0.689","0.405","0.904","","","","","","","","","","",""
"1","Miscontrol","Miscontrol 002","03:31","03:37","03:41","211070","221070","#15 laine S.","","","0.391","0.948","","","","","","","","","","","","",""
"1","P/A","P/A 002","03:32","03:42","03:52","212690","232690","","","Outcome: Success | : throw-in","0.476","0.993","0.339","0.926","","","","","","","","","","",""
"1","pressing","pressing 004","03:34","03:44","03:54","214450","234450","#29 Haapalainen R.","","","0.429","0.919","0.372","0.889","","","","","","","","","","",""
"1","Aerial","Aerial 001","03:47","03:53","03:57","227610","237610","#6 Marshall P.","","New subcategory 1: Defensive | New subcategory 2: Success","0.434","0.548","","","","","","","","","","","","",""
"1","Pass","Pass 011","03:47","03:53","03:57","227470","237470","#6 Marshall P.","","Outcome: Pass | New subcategory 2: success","0.462","0.563","0.367","0.681","","","","","","","","","","",""
"1","Aerial","Aerial 002","03:48","03:54","03:58","228210","238210","#15 laine S.","","New subcategory 1: Offensive | New subcategory 2: Success","0.382","0.689","","","","","","","","","","","","",""
"1","Pass","Pass 012","03:50","03:56","04:00","230390","240390","#15 laine S.","","Outcome: Pass | New subcategory 2: success","0.372","0.674","0.254","0.570","","","","","","","","","","",""
"1","Pass","Pass 013","03:51","03:57","04:01","231710","241710","#10 Talvitie E.","","Outcome: Pass | New subcategory 2: failed","0.249","0.585","0.149","0.637","","","","","","","","","","",""
"1","Aerial","Aerial 003","03:52","03:58","04:02","232230","242230","#10 Talvitie E.","","New subcategory 1: Offensive | New subcategory 2: Success","0.244","0.615","","","","","","","","","","","","",""
"1","Ground","Ground 002","03:55","04:01","04:05","235870","245870","#10 Talvitie E.","","New subcategory 1: Defensive | New subcategory 2: Failure","0.235","0.563","","","","","","","","","","","","",""
"1","Aerial","Aerial 004","03:59","04:05","04:09","239630","249630","#40 Puhakainen L.","","New subcategory 1: Defensive | New subcategory 2: Success","0.363","0.807","","","","","","","","","","","","",""
"1","Pass","Pass 014","04:00","04:06","04:10","240410","250410","#40 Puhakainen L.","","Outcome: Pass | New subcategory 2: failed","0.363","0.815","0.258","0.748","","","","","","","","","","",""
"1","counter pressing","counter pressing 002","03:59","04:09","04:19","239210","259210","#20 Ojakangas E.","","New subcategory 1: success","0.273","0.704","","","","","","","","","","","","",""
"1","Pass","Pass 015","04:03","04:09","04:13","243970","253970","#20 Ojakangas E.","","Outcome: Pass | New subcategory 2: success","0.291","0.711","0.197","0.600","","","","","","","","","","",""
"1","Dribble","Dribble 001","04:06","04:12","04:16","246790","256790","#10 Talvitie E.","","New subcategory 1: Offensive | New subcategory 3: Success","0.220","0.644","0.220","0.533","","","","","","","","","","",""
"1","Pass","Pass 016","04:07","04:13","04:17","247730","257730","#10 Talvitie E.","","New subcategory 2: success | Outcome: Through pass","0.235","0.548","0.102","0.326","","","","","","","","","","",""
"1","Shot","Shot 002","04:08","04:15","04:20","248590","260590","#11 Reiju R.","","New subcategory 1: Off target | New subcategory 2: open ","0.102","0.296","0.040","0.385","","","","","","","","","","",""
"1","Pass","Pass 017","04:42","04:48","04:52","282290","292290","#10 Talvitie E.","","Outcome: Corner | New subcategory 2: success","0.017","0.015","0.092","0.600","","","","","","","","","","",""
"1","Aerial","Aerial 005","04:42","04:48","04:52","282577","292577","#40 Puhakainen L.","","New subcategory 1: Offensive | New subcategory 2: Success","0.107","0.607","","","","","","","","","","","","",""
"1","Shot","Shot 003","04:41","04:48","04:53","281865","293865","#40 Puhakainen L.","","New subcategory 2: header | New subcategory 1: Off target","0.102","0.615","0.000","0.667","","","","","","","","","","",""
"1","P/A","P/A 003","04:58","05:08","05:18","298912","318912","","","Outcome: Success | : goal kick","0.059","0.630","0.021","0.481","","","","","","","","","","",""
"1","extraction ","extraction  006","05:02","05:12","05:22","302532","322532","#20 Ojakangas E.","","Outcome: interception","0.329","0.141","","","","","","","","","","","","",""
"1","Ground","Ground 003","05:13","05:19","05:23","313622","323622","#8 O. Adawi","","New subcategory 1: Offensive | New subcategory 2: Success","0.306","0.059","","","","","","","","","","","","",""
"1","Pass","Pass 018","05:14","05:20","05:24","314382","324382","#8 O. Adawi","","Outcome: Pass | New subcategory 2: success","0.306","0.030","0.211","0.015","","","","","","","","","","",""
"1","Miscontrol","Miscontrol 003","05:18","05:24","05:28","318962","328962","#11 Reiju R.","","","0.273","0.015","","","","","","","","","","","","",""
"1","extraction ","extraction  007","05:18","05:28","05:38","318462","338462","#4 Paappanen E.","","Outcome: interception","0.457","0.133","","","","","","","","","","","","",""
"1","Pass","Pass 019","05:41","05:47","05:51","341832","351832","#4 Paappanen E.","","Outcome: Pass | New subcategory 2: success","0.723","0.170","0.590","0.052","","","","","","","","","","",""
"1","P/A","P/A 004","05:37","05:47","05:57","337832","357832","","","Outcome: Failure | : throw-in","0.467","0.007","0.661","0.148","","","","","","","","","","",""
"1","Dribble","Dribble 002","05:44","05:50","05:54","344252","354252","#20 Ojakangas E.","","New subcategory 1: Offensive | New subcategory 3: Success","0.571","0.104","0.552","0.178","","","","","","","","","","",""
"1","Pass","Pass 020","05:45","05:51","05:55","345332","355332","#20 Ojakangas E.","","Outcome: Pass | New subcategory 2: success","0.538","0.200","0.538","0.548","","","","","","","","","","",""
"1","Pass","Pass 021","05:48","05:54","05:58","348132","358132","#15 laine S.","","Outcome: Pass | New subcategory 2: failed","0.543","0.541","0.377","0.274","","","","","","","","","","",""
"1","extraction ","extraction  008","05:50","06:00","06:10","350392","370392","#30 Lehtinen Lassi","","Outcome: recovery","0.742","0.163","","","","","","","","","","","","",""
"1","Pass","Pass 022","06:02","06:08","06:12","362052","372052","#30 Lehtinen Lassi","","Outcome: Pass | New subcategory 2: success","0.855","0.489","0.794","0.800","","","","","","","","","","",""
"1","Pass","Pass 023","06:06","06:12","06:16","366972","376972","#40 Puhakainen L.","","Outcome: Through pass | New subcategory 2: success","0.661","0.756","0.329","0.104","","","","","","","","","","",""
"1","Miscontrol","Miscontrol 004","06:12","06:18","06:22","372632","382632","#11 Reiju R.","","","0.192","0.022","","","","","","","","","","","","",""
"1","Pass","Pass 024","06:19","06:25","06:29","379652","389652","#6 Marshall P.","","New subcategory 2: success | Outcome: Throw-in","0.140","0.000","0.064","0.081","","","","","","","","","","",""
"1","Pass","Pass 025","06:31","06:37","06:41","391992","401992","#11 Reiju R.","","Outcome: Cross | New subcategory 2: success","0.031","0.037","0.036","0.400","","","","","","","","","","",""
"1","Shot","Shot 004","06:31","06:38","06:43","391752","403752","#10 Talvitie E.","","New subcategory 1: Off target | New subcategory 2: open ","0.036","0.393","0.002","0.615","","","","","","","","","","",""
"1","P/A","P/A 005","06:44","06:54","07:04","404652","424652","","","Outcome: Failure | : throw-in","0.064","0.985","0.254","0.948","","","","","","","","","","",""
"1","Aerial","Aerial 006","06:49","06:55","06:59","409272","419272","#40 Puhakainen L.","","New subcategory 1: Defensive | New subcategory 2: Success","0.230","0.889","","","","","","","","","","","","",""
"1","Pass","Pass 026","06:48","06:54","06:58","408652","418652","#40 Puhakainen L.","","Outcome: Pass | New subcategory 2: success","0.225","0.919","0.301","0.881","","","","","","","","","","",""
"1","Pass","Pass 027","06:50","06:56","07:00","410512","420512","#8 O. Adawi","","Outcome: Pass | New subcategory 2: success","0.367","0.874","0.509","0.859","","","","","","","","","","",""
"1","Pass","Pass 028","06:54","07:00","07:04","414332","424332","#4 Paappanen E.","","Outcome: Pass | New subcategory 2: success","0.623","0.919","0.756","0.674","","","","","","","","","","",""
"1","Pass","Pass 029","06:58","07:04","07:08","418632","428632","#30 Lehtinen Lassi","","Outcome: Pass | New subcategory 2: success","0.780","0.600","0.680","0.889","","","","","","","","","","",""
"1","Pass","Pass 030","07:04","07:10","07:14","424492","434492","#4 Paappanen E.","","Outcome: Pass | New subcategory 2: success","0.642","0.837","0.723","0.630","","","","","","","","","","",""
"1","Pass","Pass 031","07:14","07:20","07:24","434672","444672","#30 Lehtinen Lassi","","Outcome: Through pass | New subcategory 2: success","0.661","0.593","0.220","0.919","","","","","","","","","","",""
"1","Dribble","Dribble 003","07:20","07:26","07:30","440532","450532","#29 Haapalainen R.","","New subcategory 1: Offensive | New subcategory 3: Success","0.126","0.867","0.116","0.763","","","","","","","","","","",""
"1","Shot","Shot 005","07:20","07:27","07:32","440172","452172","#29 Haapalainen R.","","New subcategory 1: Off target | New subcategory 2: open ","0.206","0.763","0.000","0.467","","","","","","","","","","",""
"1","P/A","P/A 006","07:41","07:51","08:01","461992","481992","","",": goal kick | Outcome: Success","0.021","0.496","0.073","0.719","","","","","","","","","","",""
"1","pressing","pressing 005","07:44","07:54","08:04","464232","484232","#29 Haapalainen R.","","","0.220","0.830","0.126","0.844","","","","","","","","","","",""
"1","pressing","pressing 006","07:47","07:57","08:07","467112","487112","#15 laine S.","","","0.400","0.911","0.348","0.956","","","","","","","","","","",""
"1","pressing","pressing 007","07:49","07:59","08:09","469132","489132","#40 Puhakainen L.","","","0.462","0.830","0.396","0.896","","","","","","","","","","",""
"1","Ground","Ground 004","07:54","08:00","08:04","474272","484272","#40 Puhakainen L.","","New subcategory 1: Defensive | New subcategory 2: Success","0.320","0.970","","","","","","","","","","","","",""
"1","Pass","Pass 032","08:02","08:08","08:12","482812","492812","#15 laine S.","","Outcome: Throw-in | New subcategory 2: success","0.296","0.993","0.419","0.911","","","","","","","","","","",""
"1","Pass","Pass 033","08:05","08:11","08:15","485552","495552","#40 Puhakainen L.","","Outcome: Through pass | New subcategory 2: failed","0.372","0.919","0.116","0.652","","","","","","","","","","",""
"1","pressing","pressing 008","08:09","08:19","08:29","489372","509372","#6 Marshall P.","","","0.372","0.133","0.310","0.126","","","","","","","","","","",""
"1","pressing","pressing 009","08:12","08:22","08:32","492072","512072","#11 Reiju R.","","","0.244","0.126","0.211","0.170","","","","","","","","","","",""
"1","pressing","pressing 010","08:14","08:24","08:34","494932","514932","#4 Paappanen E.","","","0.453","0.259","0.391","0.259","","","","","","","","","","",""
"1","extraction ","extraction  009","08:15","08:25","08:35","495672","515672","#4 Paappanen E.","","Outcome: clearance","0.353","0.259","","","","","","","","","","","","",""
"1","P/A","P/A 007","08:39","08:49","08:59","519372","539372","","",": goal kick | Outcome: Success","0.064","0.548","0.088","0.748","","","","","","","","","","",""
"1","pressing","pressing 011","08:48","08:58","09:08","528452","548452","#20 Ojakangas E.","","","0.320","0.096","0.254","0.104","","","","","","","","","","",""
"1","extraction ","extraction  010","08:53","09:03","09:13","533072","553072","#8 O. Adawi","","Outcome: interception","0.344","0.281","","","","","","","","","","","","",""
"1","Pass","Pass 034","08:59","09:05","09:09","539032","549032","#8 O. Adawi","","Outcome: progressive  | New subcategory 2: success","0.363","0.259","0.182","0.348","","","","","","","","","","",""
"1","Pass","Pass 035","09:01","09:07","09:11","541252","551252","#10 Talvitie E.","","Outcome: Pass | New subcategory 2: success","0.182","0.363","0.182","0.148","","","","","","","","","","",""
"1","Pass","Pass 036","09:04","09:10","09:14","544012","554012","#11 Reiju R.","","Outcome: Through pass | New subcategory 2: success","0.225","0.185","0.135","0.067","","","","","","","","","","",""
"1","Dribble","Dribble 004","09:09","09:15","09:19","549532","559532","#6 Marshall P.","","New subcategory 1: Offensive | New subcategory 3: Failure","0.121","0.022","0.111","0.104","","","","","","","","","","",""
"1","counter pressing","counter pressing 003","09:07","09:17","09:27","547032","567032","#8 O. Adawi","","New subcategory 1: success","0.339","0.059","","","","","","","","","","","","",""
"1","Pass","Pass 037","09:14","09:20","09:24","554592","564592","#8 O. Adawi","","Outcome: Pass | New subcategory 2: success","0.377","0.030","0.566","0.170","","","","","","","","","","",""
"1","Pass","Pass 038","09:17","09:23","09:27","557812","567812","#4 Paappanen E.","","Outcome: Pass | New subcategory 2: success","0.571","0.200","0.637","0.452","","","","","","","","","","",""
"1","Pass","Pass 039","09:22","09:28","09:32","562892","572892","#30 Lehtinen Lassi","","New subcategory 2: success | Outcome: progressive ","0.680","0.570","0.391","0.911","","","","","","","","","","",""
"1","Pass","Pass 040","09:24","09:30","09:34","564712","574712","#29 Haapalainen R.","","Outcome: Pass | New subcategory 2: success","0.291","0.859","0.443","0.852","","","","","","","","","","",""
"1","Pass","Pass 041","09:28","09:34","09:38","568092","578092","#40 Puhakainen L.","","Outcome: Through pass | New subcategory 2: success","0.481","0.815","0.102","0.711","","","","","","","","","","",""
"1","Miscontrol","Miscontrol 005","09:29","09:35","09:39","569652","579652","#10 Talvitie E.","","","0.116","0.704","","","","","","","","","","","","",""
"1","P/A","P/A 008","09:42","09:52","10:02","582292","602292","","",": goal kick | Outcome: Success","0.040","0.556","0.092","0.311","","","","","","","","","","",""
"1","pressing","pressing 012","09:45","09:55","10:05","585272","605272","#11 Reiju R.","","","0.225","0.296","0.216","0.200","","","","","","","","","","",""
"1","extraction ","extraction  011","09:52","10:02","10:12","592952","612952","#6 Marshall P.","","Outcome: interception","0.377","0.215","","","","","","","","","","","","",""
"1","Pass","Pass 042","09:57","10:03","10:07","597792","607792","#6 Marshall P.","","Outcome: Pass | New subcategory 2: success","0.415","0.148","0.363","0.326","","","","","","","","","","",""
"1","Pass","Pass 043","09:59","10:05","10:09","599472","609472","#24 Asikainen E.","","Outcome: Pass | New subcategory 2: success","0.344","0.259","0.244","0.089","","","","","","","","","","",""
"1","Ground","Ground 005","10:01","10:07","10:11","601892","611892","#20 Ojakangas E.","","New subcategory 1: Offensive | New subcategory 2: Failure","0.254","0.133","","","","","","","","","","","","",""
"1","pressing","pressing 013","10:00","10:10","10:20","600692","620692","#10 Talvitie E.","","","0.216","0.267","0.182","0.304","","","","","","","","","","",""
"1","Aerial","Aerial 007","10:08","10:14","10:18","608712","618712","#40 Puhakainen L.","","New subcategory 1: Defensive | New subcategory 2: Success","0.505","0.578","","","","","","","","","","","","",""
"1","Pass","Pass 044","10:09","10:15","10:19","609272","619272","#40 Puhakainen L.","","Outcome: Pass | New subcategory 2: success","0.505","0.585","0.396","0.481","","","","","","","","","","",""
"1","Pass","Pass 045","10:14","10:20","10:24","614332","624332","#24 Asikainen E.","","Outcome: Pass | New subcategory 2: success","0.462","0.496","0.358","0.341","","","","","","","","","","",""
"1","Ground","Ground 006","10:14","10:20","10:24","614952","624952","#8 O. Adawi","","New subcategory 1: Offensive | New subcategory 2: Success","0.367","0.348","","","","","","","","","","","","",""
"1","Pass","Pass 046","10:15","10:21","10:25","615452","625452","#8 O. Adawi","","Outcome: Through pass | New subcategory 2: failed","0.320","0.296","0.107","0.326","","","","","","","","","","",""
"1","extraction ","extraction  012","10:22","10:32","10:42","622972","642972","#30 Lehtinen Lassi","","Outcome: recovery","0.671","0.504","","","","","","","","","","","","",""
"1","Pass","Pass 047","10:27","10:33","10:37","627412","637412","#30 Lehtinen Lassi","","Outcome: Pass | New subcategory 2: success","0.675","0.519","0.614","0.778","","","","","","","","","","",""
"1","Pass","Pass 048","10:29","10:35","10:39","629792","639792","#15 laine S.","","Outcome: Pass | New subcategory 2: success","0.585","0.844","0.694","0.719","","","","","","","","","","",""
"1","Pass","Pass 049","10:31","10:37","10:41","631352","641352","#40 Puhakainen L.","","Outcome: Pass | New subcategory 2: success","0.671","0.741","0.709","0.511","","","","","","","","","","",""
"1","Pass","Pass 050","10:38","10:44","10:48","638932","648932","#30 Lehtinen Lassi","","Outcome: Pass | New subcategory 2: success","0.685","0.526","0.661","0.289","","","","","","","","","","",""
"1","Pass","Pass 051","10:41","10:47","10:51","641112","651112","#4 Paappanen E.","","Outcome: Pass | New subcategory 2: success","0.637","0.274","0.727","0.474","","","","","","","","","","",""
"1","Pass","Pass 052","10:44","10:50","10:54","644092","654092","#30 Lehtinen Lassi","","Outcome: Pass | New subcategory 2: success","0.699","0.511","0.647","0.785","","","","","","","","","","",""
"1","Pass","Pass 053","10:50","10:56","11:00","650232","660232","#40 Puhakainen L.","","Outcome: Throw-in | New subcategory 2: success","0.552","0.822","0.220","0.133","","","","","","","","","","",""
"1","Pass","Pass 054","10:54","11:00","11:04","654332","664332","#11 Reiju R.","","Outcome: Pass | New subcategory 2: success","0.083","0.074","0.121","0.319","","","","","","","","","","",""
"1","Shot","Shot 006","10:55","11:02","11:07","655772","667772","#20 Ojakangas E.","","New subcategory 1: Off target | New subcategory 2: open ","0.088","0.319","0.040","0.393","","","","","","","","","","",""
"1","pressing","pressing 014","11:12","11:22","11:32","672132","692132","#10 Talvitie E.","","","0.145","0.489","0.102","0.511","","","","","","","","","","",""
"1","pressing","pressing 015","11:14","11:24","11:34","674832","694832","#29 Haapalainen R.","","","0.263","0.681","0.211","0.726","","","","","","","","","","",""
"1","P/A","P/A 009","11:33","11:43","11:53","693412","713412","","","Outcome: Failure | : through pass","0.410","0.748","0.746","0.933","","","","","","","","","","",""
"1","Pass","Pass 055","11:57","12:03","12:07","717992","727992","#15 laine S.","","Outcome: Throw-in | New subcategory 2: success","0.770","0.970","0.709","0.874","","","","","","","","","","",""
"1","Miscontrol","Miscontrol 006","11:59","12:05","12:09","719792","729792","#24 Asikainen E.","","","0.656","0.874","","","","","","","","","","","","",""
"1","extraction ","extraction  013","11:56","12:06","12:16","716812","736812","#8 O. Adawi","","Outcome: interception","0.647","0.667","","","","","","","","","","","","",""
"1","Pass","Pass 056","12:02","12:08","12:12","722112","732112","#8 O. Adawi","","Outcome: Pass | New subcategory 2: success","0.652","0.630","0.618","0.822","","","","","","","","","","",""
"1","Progressive run","Progressive run 001","12:03","12:13","12:23","723212","743212","#24 Asikainen E.","","","0.600","0.822","0.377","0.919","","","","","","","","","","",""
"1","Miscontrol","Miscontrol 007","12:07","12:13","12:17","727432","737432","#24 Asikainen E.","","","0.320","0.926","","","","","","","","","","","","",""
"1","P/A","P/A 010","12:15","12:25","12:35","735452","755452","","",": throw-in | Outcome: Success","0.353","0.978","0.367","0.822","","","","","","","","","","",""
"1","pressing","pressing 016","12:13","12:23","12:33","733332","753332","#29 Haapalainen R.","","","0.353","0.970","0.348","0.926","","","","","","","","","","",""
"1","pressing","pressing 017","12:16","12:26","12:36","736672","756672","#15 laine S.","","","0.562","0.963","0.505","0.911","","","","","","","","","","",""
"1","extraction ","extraction  014","12:17","12:27","12:37","737732","757732","#15 laine S.","","Outcome: interception","0.400","0.852","","","","","","","","","","","","",""
"1","Pass","Pass 057","12:23","12:29","12:33","743472","753472","#15 laine S.","","Outcome: progressive  | New subcategory 2: success","0.348","0.800","0.230","0.889","","","","","","","","","","",""
"1","Dribble","Dribble 005","12:26","12:32","12:36","746132","756132","#29 Haapalainen R.","","New subcategory 1: Offensive | New subcategory 3: Failure","0.277","0.830","0.230","0.830","","","","","","","","","","",""
"1","Pass","Pass 058","12:47","12:53","12:57","767452","777452","#6 Marshall P.","","Outcome: Throw-in | New subcategory 2: success","0.377","0.015","0.263","0.052","","","","","","","","","","",""
"1","Miscontrol","Miscontrol 008","12:49","12:55","12:59","769692","779692","#20 Ojakangas E.","","","0.291","0.067","","","","","","","","","","","","",""
"1","P/A","P/A 011","12:51","13:01","13:11","771032","791032","","","Outcome: Success | : throw-in","0.301","0.015","0.320","0.178","","","","","","","","","","",""
"1","pressing","pressing 018","12:58","13:08","13:18","778332","798332","#11 Reiju R.","","","0.320","0.200","0.287","0.126","","","","","","","","","","",""
"1","counter pressing","counter pressing 004","13:04","13:14","13:24","784432","804432","#15 laine S.","","New subcategory 1: success","0.438","0.844","","","","","","","","","","","","",""
"1","pressing","pressing 019","13:04","13:14","13:24","784912","804912","#15 laine S.","","","0.519","0.867","0.467","0.859","","","","","","","","","","",""
"1","Pass","Pass 059","13:12","13:18","13:22","792232","802232","#8 O. Adawi","","Outcome: progressive  | New subcategory 2: success","0.457","0.689","0.348","0.763","","","","","","","","","","",""
"1","Pass","Pass 060","13:13","13:19","13:23","793192","803192","#29 Haapalainen R.","","Outcome: Through pass | New subcategory 2: success","0.306","0.800","0.168","0.926","","","","","","","","","","",""
"1","Progressive run","Progressive run 002","13:14","13:24","13:34","794932","814932","#15 laine S.","","","0.178","0.844","0.059","0.719","","","","","","","","","","",""
"1","Shot","Shot 007","13:18","13:25","13:30","798552","810552","#15 laine S.","","New subcategory 1: on target  | New subcategory 2: open ","0.102","0.726","0.031","0.585","","","","","","","","","","",""
"1","pressing","pressing 020","13:30","13:40","13:50","810592","830592","#11 Reiju R.","","","0.268","0.333","0.216","0.244","","","","","","","","","","",""
"1","pressing","pressing 021","13:33","13:43","13:53","813272","833272","#29 Haapalainen R.","","","0.145","0.430","0.130","0.504","","","","","","","","","","",""
"1","pressing","pressing 022","13:36","13:46","13:56","816452","836452","#6 Marshall P.","","","0.472","0.133","0.391","0.089","","","","","","","","","","",""
"1","P/A","P/A 012","13:42","13:52","14:02","822332","842332","","","Outcome: Failure | : through pass","0.419","0.259","0.680","0.170","","","","","","","","","","",""
"1","extraction ","extraction  015","13:43","13:53","14:03","823992","843992","#30 Lehtinen Lassi","","Outcome: recovery","0.860","0.215","","","","","","","","","","","","",""
"1","Pass","Pass 061","13:53","13:59","14:03","833392","843392","#30 Lehtinen Lassi","","Outcome: Pass | New subcategory 2: success","0.855","0.393","0.803","0.719","","","","","","","","","","",""
"1","Pass","Pass 062","13:58","14:04","14:08","838512","848512","#40 Puhakainen L.","","Outcome: Pass | New subcategory 2: success","0.742","0.726","0.780","0.511","","","","","","","","","","",""
"1","Pass","Pass 063","14:05","14:11","14:15","845692","855692","#30 Lehtinen Lassi","","Outcome: Pass | New subcategory 2: success","0.723","0.474","0.666","0.726","","","","","","","","","","",""
"1","Pass","Pass 064","14:08","14:14","14:18","848112","858112","#40 Puhakainen L.","","Outcome: Pass | New subcategory 2: success","0.680","0.770","0.571","0.704","","","","","","","","","","",""
"1","Pass","Pass 065","14:11","14:17","14:21","851492","861492","#24 Asikainen E.","","Outcome: Pass | New subcategory 2: success","0.566","0.711","0.600","0.319","","","","","","","","","","",""
"1","Dribble","Dribble 006","14:19","14:25","14:29","859992","869992","#4 Paappanen E.","","New subcategory 1: Offensive | New subcategory 3: Failure","0.656","0.252","0.590","0.252","","","","","","","","","","",""
"1","Pass","Pass 066","14:20","14:26","14:30","860532","870532","#4 Paappanen E.","","Outcome: Pass | New subcategory 2: success","0.637","0.304","0.618","0.489","","","","","","","","","","",""
"1","Pass","Pass 067","14:25","14:31","14:35","865632","875632","#24 Asikainen E.","","Outcome: Through pass | New subcategory 2: failed","0.585","0.370","0.405","0.296","","","","","","","","","","",""
"1","extraction ","extraction  016","14:23","14:33","14:43","863992","883992","#8 O. Adawi","","Outcome: clearance","0.528","0.511","","","","","","","","","","","","",""
"1","extraction ","extraction  017","14:28","14:38","14:48","868432","888432","#8 O. Adawi","","Outcome: interception","0.528","0.437","","","","","","","","","","","","",""
"1","Pass","Pass 068","14:32","14:38","14:42","872532","882532","#8 O. Adawi","","Outcome: Pass | New subcategory 2: success","0.538","0.422","0.400","0.319","","","","","","","","","","",""
"1","Pass","Pass 069","14:33","14:39","14:43","873932","883932","#11 Reiju R.","","Outcome: Pass | New subcategory 2: success","0.344","0.252","0.467","0.215","","","","","","","","","","",""
"1","Pass","Pass 070","14:35","14:41","14:45","875692","885692","#8 O. Adawi","","Outcome: Pass | New subcategory 2: success","0.467","0.244","0.680","0.333","","","","","","","","","","",""
"1","Pass","Pass 071","14:38","14:44","14:48","878432","888432","#30 Lehtinen Lassi","","Outcome: Pass | New subcategory 2: success","0.694","0.341","0.666","0.615","","","","","","","","","","",""
"1","Pass","Pass 072","14:44","14:50","14:54","884972","894972","#40 Puhakainen L.","","Outcome: Pass | New subcategory 2: success","0.633","0.830","0.533","0.719","","","","","","","","","","",""
"1","Pass","Pass 073","14:45","14:51","14:55","885752","895752","#24 Asikainen E.","","Outcome: Pass | New subcategory 2: success","0.524","0.667","0.614","0.756","","","","","","","","","","",""
"1","Pass","Pass 074","14:47","14:53","14:57","887792","897792","#40 Puhakainen L.","","Outcome: Pass | New subcategory 2: success","0.595","0.770","0.438","0.859","","","","","","","","","","",""
"1","Pass","Pass 075","14:50","14:56","15:00","890692","900692","#15 laine S.","","Outcome: Pass | New subcategory 2: failed","0.429","0.807","0.301","0.756","","","","","","","","","","",""
"1","pressing","pressing 023","14:49","14:59","15:09","889512","909512","#24 Asikainen E.","","","0.505","0.696","0.457","0.711","","","","","","","","","","",""
"1","extraction ","extraction  018","14:53","15:03","15:13","893752","913752","#6 Marshall P.","","Outcome: interception","0.628","0.170","","","","","","","","","","","","",""
"1","Pass","Pass 076","14:59","15:05","15:09","899332","909332","#6 Marshall P.","","Outcome: Pass | New subcategory 2: success","0.637","0.163","0.552","0.289","","","","","","","","","","",""
"1","Miscontrol","Miscontrol 009","15:00","15:06","15:10","900552","910552","#11 Reiju R.","","","0.552","0.252","","","","","","","","","","","","",""
"1","extraction ","extraction  019","15:01","15:11","15:21","901992","921992","#8 O. Adawi","","Outcome: recovery","0.780","0.170","","","","","","","","","","","","",""
"1","Pass","Pass 077","15:05","15:11","15:15","905992","915992","#8 O. Adawi","","Outcome: Pass | New subcategory 2: success","0.770","0.126","0.898","0.348","","","","","","","","","","",""
"1","Pass","Pass 078","15:08","15:14","15:18","908172","918172","#30 Lehtinen Lassi","","Outcome: Pass | New subcategory 2: success","0.912","0.333","0.870","0.652","","","","","","","","","","",""
"1","Dribble","Dribble 007","15:12","15:18","15:22","912412","922412","#40 Puhakainen L.","","New subcategory 1: Offensive | New subcategory 3: Success","0.808","0.674","0.751","0.726","","","","","","","","","","",""
"1","Pass","Pass 079","15:13","15:19","15:23","913272","923272","#40 Puhakainen L.","","Outcome: Pass | New subcategory 2: failed","0.713","0.741","0.642","0.822","","","","","","","","","","",""
"1","P/A","P/A 013","15:15","15:25","15:35","915352","935352","","","Outcome: Success | : pass","0.661","0.622","0.742","0.807","","","","","","","","","","",""
"1","P/A","P/A 014","15:17","15:27","15:37","917292","937292","","","Outcome: Success | : pass","0.775","0.785","0.661","0.844","","","","","","","","","","",""
"1","pressing","pressing 024","15:17","15:27","15:37","917732","937732","#29 Haapalainen R.","","","0.628","0.800","0.680","0.852","","","","","","","","","","",""
"1","pressing","pressing 025","15:20","15:30","15:40","920132","940132","#10 Talvitie E.","","","0.637","0.719","0.576","0.696","","","","","","","","","","",""
"1","extraction ","extraction  020","15:22","15:32","15:42","922892","942892","#10 Talvitie E.","","Outcome: interception","0.419","0.667","","","","","","","","","","","","",""
"1","Shot","Shot 008","15:27","15:34","15:39","927872","939872","#10 Talvitie E.","","New subcategory 1: goal | New subcategory 2: open ","0.325","0.644","0.002","0.489","","","","","","","","","","",""
"1","pressing","pressing 026","16:16","16:26","16:36","976512","996512","#10 Talvitie E.","","","0.491","0.615","0.453","0.585","","","","","","","","","","",""
"1","pressing","pressing 027","16:21","16:31","16:41","981612","1001612","#29 Haapalainen R.","","","0.609","0.815","0.543","0.785","","","","","","","","","","",""
"1","pressing","pressing 028","16:28","16:38","16:48","988472","1008472","#10 Talvitie E.","","","0.287","0.681","0.254","0.659","","","","","","","","","","",""
"1","Aerial","Aerial 008","16:38","16:44","16:48","998932","1008932","#20 Ojakangas E.","","New subcategory 1: Defensive | New subcategory 2: Success","0.462","0.119","","","","","","","","","","","","",""
"1","extraction ","extraction  021","16:39","16:49","16:59","999172","1019172","#30 Lehtinen Lassi","","Outcome: recovery","0.855","0.370","","","","","","","","","","","","",""
"1","Pass","Pass 080","16:54","17:00","17:04","1014632","1024632","#30 Lehtinen Lassi","","Outcome: Pass | New subcategory 2: success","0.884","0.474","0.813","0.770","","","","","","","","","","",""
"1","Pass","Pass 081","16:56","17:02","17:06","1016612","1026612","#30 Lehtinen Lassi","","Outcome: Pass | New subcategory 2: success","0.799","0.733","0.685","0.593","","","","","","","","","","",""
"1","Pass","Pass 082","17:01","17:07","17:11","1021332","1031332","#24 Asikainen E.","","Outcome: Pass | New subcategory 2: success","0.690","0.615","0.699","0.215","","","","","","","","","","",""
"1","Pass","Pass 083","17:05","17:11","17:15","1025592","1035592","#4 Paappanen E.","","Outcome: Through pass | New subcategory 2: success","0.614","0.178","0.434","0.111","","","","","","","","","","",""
"1","Pass","Pass 084","17:08","17:14","17:18","1028992","1038992","#11 Reiju R.","","Outcome: Pass | New subcategory 2: success","0.405","0.089","0.467","0.267","","","","","","","","","","",""
"1","Pass","Pass 085","17:14","17:20","17:24","1034132","1044132","#8 O. Adawi","","Outcome: Through pass | New subcategory 2: success","0.386","0.452","0.230","0.852","","","","","","","","","","",""
"1","Pass","Pass 086","17:17","17:23","17:27","1037352","1047352","#29 Haapalainen R.","","Outcome: Through pass | New subcategory 2: success","0.216","0.756","0.102","0.859","","","","","","","","","","",""
"1","Pass","Pass 087","17:20","17:26","17:30","1040272","1050272","#15 laine S.","","Outcome: Cross | New subcategory 2: failed","0.059","0.726","0.116","0.489","","","","","","","","","","",""
"1","extraction ","extraction  022","17:19","17:29","17:39","1039592","1059592","","","Outcome: recovery","0.291","0.704","","","","","","","","","","","","",""
"1","Pass","Pass 088","17:24","17:30","17:34","1044032","1054032","#8 O. Adawi","","Outcome: Pass | New subcategory 2: success","0.310","0.748","0.211","0.933","","","","","","","","","","",""
"1","Pass","Pass 089","17:27","17:33","17:37","1047992","1057992","#29 Haapalainen R.","","Outcome: Pass | New subcategory 2: success","0.306","0.881","0.453","0.778","","","","","","","","","","",""
"1","Pass","Pass 090","17:33","17:39","17:43","1053092","1063092","#40 Puhakainen L.","","Outcome: Pass | New subcategory 2: success","0.429","0.874","0.633","0.696","","","","","","","","","","",""
"1","Pass","Pass 091","17:41","17:47","17:51","1061172","1071172","#30 Lehtinen Lassi","","Outcome: Through pass | New subcategory 2: success","0.661","0.622","0.083","0.748","","","","","","","","","","",""
"1","fouls","fouls 001","17:41","17:49","17:55","1061212","1075212","#15 laine S.","","New subcategory 1: offside | New subcategory 2: no card","0.116","0.711","","","","","","","","","","","","",""
"1","P/A","P/A 015","17:59","18:09","18:19","1079172","1099172","","",": free kick","0.149","0.719","0.040","0.533","","","","","","","","","","",""
"1","pressing","pressing 029","18:01","18:11","18:21","1081932","1101932","#11 Reiju R.","","","0.135","0.430","0.088","0.385","","","","","","","","","","",""
"1","pressing","pressing 030","18:04","18:14","18:24","1084992","1104992","#10 Talvitie E.","","","0.216","0.378","0.230","0.319","","","","","","","","","","",""
"1","P/A","P/A 016","18:07","18:17","18:27","1087292","1107292","","",": progressive | Outcome: Success","0.306","0.148","0.751","0.193","","","","","","","","","","",""
"1","Ground","Ground 007","18:13","18:19","18:23","1093912","1103912","#4 Paappanen E.","","New subcategory 1: Defensive | New subcategory 2: Success","0.718","0.200","","","","","","","","","","","","",""
"1","extraction ","extraction  023","18:13","18:23","18:33","1093072","1113072","#4 Paappanen E.","","Outcome: interception","0.756","0.163","","","","","","","","","","","","",""
"1","Pass","Pass 092","18:15","18:21","18:25","1095932","1105932","#4 Paappanen E.","","Outcome: Pass | New subcategory 2: success","0.761","0.193","0.898","0.304","","","","","","","","","","",""
"1","fouls","fouls 002","18:16","18:24","18:30","1096392","1110392","#30 Lehtinen Lassi","","New subcategory 1: Free kick | New subcategory 2: yallow ","0.917","0.281","","","","","","","","","","","","",""
"1","P/A","P/A 017","19:28","19:38","19:48","1168332","1188332","","",": free kick | Outcome: Success","0.931","0.289","0.889","0.311","","","","","","","","","","",""
"1","SH/A","SH/A 001","19:28","19:38","19:48","1168332","1188332","","",": ON TARGET | .: open","0.898","0.296","0.979","0.459","","","","","","","","","","",""
"1","pressing","pressing 031","19:33","19:43","19:53","1173362","1193362","#10 Talvitie E.","","","0.751","0.452","0.727","0.452","","","","","","","","","","",""
"1","extraction ","extraction  024","19:33","19:43","19:53","1173362","1193362","#10 Talvitie E.","","Outcome: interception","0.713","0.437","","","","","","","","","","","","",""
"1","Pass","Pass 093","19:38","19:44","19:48","1178647","1188647","#20 Ojakangas E.","","Outcome: Through pass | New subcategory 2: failed","0.713","0.489","0.528","0.348","","","","","","","","","","",""
"1","Pass","Pass 094","19:56","20:02","20:06","1196487","1206487","#6 Marshall P.","","Outcome: Throw-in | New subcategory 2: success","0.609","0.022","0.415","0.156","","","","","","","","","","",""
"1","Miscontrol","Miscontrol 010","19:57","20:03","20:07","1197607","1207607","#10 Talvitie E.","","","0.400","0.185","","","","","","","","","","","","",""
"1","counter pressing","counter pressing 005","20:00","20:10","20:20","1200847","1220847","#8 O. Adawi","","New subcategory 1: failure","0.486","0.222","","","","","","","","","","","","",""
"1","fouls","fouls 003","20:06","20:14","20:20","1206027","1220027","","","New subcategory 1: offside | New subcategory 2: no card","0.813","0.296","","","","","","","","","","","","",""
"1","Pass","Pass 095","20:21","20:27","20:31","1221027","1231027","#4 Paappanen E.","","Outcome: Free kick | New subcategory 2: success","0.770","0.311","0.898","0.444","","","","","","","","","","",""
"1","Pass","Pass 096","20:33","20:39","20:43","1233447","1243447","#30 Lehtinen Lassi","","Outcome: Pass | New subcategory 2: success","0.775","0.415","0.737","0.689","","","","","","","","","","",""
"1","Pass","Pass 097","20:36","20:42","20:46","1236687","1246687","#40 Puhakainen L.","","Outcome: Pass | New subcategory 2: success","0.709","0.770","0.770","0.519","","","","","","","","","","",""
"1","Pass","Pass 098","20:42","20:48","20:52","1242967","1252967","#30 Lehtinen Lassi","","Outcome: Pass | New subcategory 2: success","0.737","0.511","0.656","0.756","","","","","","","","","","",""
"1","Pass","Pass 099","20:48","20:54","20:58","1248327","1258327","#15 laine S.","","Outcome: Through pass | New subcategory 2: failed","0.595","0.763","0.178","0.363","","","","","","","","","","",""
"1","pressing","pressing 032","20:50","21:00","21:10","1250847","1270847","#24 Asikainen E.","","","0.358","0.711","0.310","0.719","","","","","","","","","","",""
"1","pressing","pressing 033","20:51","21:01","21:11","1251907","1271907","#10 Talvitie E.","","","0.235","0.622","0.187","0.615","","","","","","","","","","",""
"1","Aerial","Aerial 009","20:59","21:05","21:09","1259227","1269227","#40 Puhakainen L.","","New subcategory 1: Defensive | New subcategory 2: Success","0.571","0.800","","","","","","","","","","","","",""
"1","Pass","Pass 100","21:00","21:06","21:10","1260767","1270767","#40 Puhakainen L.","","Outcome: Pass | New subcategory 2: failed","0.543","0.807","0.400","0.756","","","","","","","","","","",""
"1","extraction ","extraction  025","21:01","21:11","21:21","1261147","1281147","#40 Puhakainen L.","","Outcome: clearance","0.618","0.778","","","","","","","","","","","","",""
"1","pressing","pressing 034","21:04","21:14","21:24","1264167","1284167","#10 Talvitie E.","","","0.310","0.541","0.263","0.504","","","","","","","","","","",""
"1","Aerial","Aerial 010","21:13","21:19","21:23","1273487","1283487","#20 Ojakangas E.","","New subcategory 1: Defensive | New subcategory 2: Success","0.438","0.193","","","","","","","","","","","","",""
"1","extraction ","extraction  026","21:12","21:22","21:32","1272987","1292987","#8 O. Adawi","","Outcome: clearance","0.472","0.281","","","","","","","","","","","","",""
"1","pressing","pressing 035","21:23","21:33","21:43","1283807","1303807","#15 laine S.","","","0.595","0.948","0.533","0.919","","","","","","","","","","",""
"1","pressing","pressing 036","21:25","21:35","21:45","1285847","1305847","#10 Talvitie E.","","","0.363","0.622","0.339","0.644","","","","","","","","","","",""
"1","pressing","pressing 037","21:27","21:37","21:47","1287207","1307207","#29 Haapalainen R.","","","0.268","0.867","0.244","0.830","","","","","","","","","","",""
"1","extraction ","extraction  027","21:40","21:50","22:00","1300587","1320587","#10 Talvitie E.","","Outcome: interception","0.296","0.193","","","","","","","","","","","","",""
"1","Pass","Pass 101","21:45","21:51","21:55","1305807","1315807","#10 Talvitie E.","","Outcome: Pass | New subcategory 2: success","0.329","0.163","0.396","0.185","","","","","","","","","","",""
"1","Pass","Pass 102","21:47","21:53","21:57","1307047","1317047","#8 O. Adawi","","Outcome: Pass | New subcategory 2: failed","0.429","0.207","0.301","0.348","","","","","","","","","","",""
"1","P/A","P/A 018","21:50","22:00","22:10","1310207","1330207","","","Outcome: Success | : progressive","0.400","0.356","0.628","0.444","","","","","","","","","","",""
"1","pressing","pressing 038","21:53","22:03","22:13","1313267","1333267","#29 Haapalainen R.","","","0.614","0.756","0.609","0.837","","","","","","","","","","",""
"1","pressing","pressing 039","21:56","22:06","22:16","1316627","1336627","#20 Ojakangas E.","","","0.675","0.644","0.614","0.652","","","","","","","","","","",""
"1","pressing","pressing 040","22:02","22:12","22:22","1322307","1342307","#10 Talvitie E.","","","0.424","0.785","0.386","0.748","","","","","","","","","","",""
"1","pressing","pressing 041","22:10","22:20","22:30","1330827","1350827","#20 Ojakangas E.","","","0.372","0.556","0.320","0.556","","","","","","","","","","",""
"1","pressing","pressing 042","22:11","22:21","22:31","1331907","1351907","#11 Reiju R.","","","0.325","0.222","0.263","0.237","","","","","","","","","","",""
"1","Pass","Pass 103","22:31","22:37","22:41","1351607","1361607","#15 laine S.","","Outcome: Throw-in | New subcategory 2: failed","0.178","1.000","0.126","0.800","","","","","","","","","","",""
"1","extraction ","extraction  028","22:34","22:44","22:54","1354807","1374807","#8 O. Adawi","","Outcome: interception","0.310","0.741","","","","","","","","","","","","",""
"1","Pass","Pass 104","22:40","22:46","22:50","1360807","1370807","#8 O. Adawi","","Outcome: Pass | New subcategory 2: success","0.296","0.763","0.273","0.444","","","","","","","","","","",""
"1","Pass","Pass 105","22:44","22:50","22:54","1364187","1374187","#20 Ojakangas E.","","Outcome: Pass | New subcategory 2: failed","0.306","0.533","0.216","0.667","","","","","","","","","","",""
"1","Miscontrol","Miscontrol 011","22:45","22:51","22:55","1365587","1375587","#29 Haapalainen R.","","","0.235","0.644","","","","","","","","","","","","",""
"1","extraction ","extraction  029","22:46","22:56","23:06","1366727","1386727","#11 Reiju R.","","Outcome: interception","0.282","0.363","","","","","","","","","","","","",""
"1","pressing","pressing 043","22:53","23:03","23:13","1373247","1393247","#10 Talvitie E.","","","0.254","0.644","0.216","0.607","","","","","","","","","","",""
"1","Pass","Pass 106","23:21","23:27","23:31","1401067","1411067","#6 Marshall P.","","Outcome: Free kick | New subcategory 2: success","0.443","0.133","0.623","0.481","","","","","","","","","","",""
"1","Pass","Pass 107","23:23","23:29","23:33","1403187","1413187","#30 Lehtinen Lassi","","Outcome: Pass | New subcategory 2: success","0.661","0.496","0.552","0.726","","","","","","","","","","",""
"1","Pass","Pass 108","23:27","23:33","23:37","1407787","1417787","#40 Puhakainen L.","","Outcome: Pass | New subcategory 2: success","0.386","0.763","0.258","0.726","","","","","","","","","","",""
"1","Pass","Pass 109","23:33","23:39","23:43","1413187","1423187","#29 Haapalainen R.","","Outcome: Pass | New subcategory 2: success","0.277","0.919","0.230","0.726","","","","","","","","","","",""
"1","Pass","Pass 110","23:36","23:42","23:46","1416767","1426767","#15 laine S.","","Outcome: Through pass | New subcategory 2: failed","0.235","0.711","0.059","0.733","","","","","","","","","","",""
"1","P/A","P/A 019","23:54","24:04","24:14","1434467","1454467","","",": goal kick | Outcome: Success","0.050","0.519","0.069","0.370","","","","","","","","","","",""
"1","extraction ","extraction  030","23:59","24:09","24:19","1439787","1459787","#24 Asikainen E.","","Outcome: interception","0.325","0.541","","","","","","","","","","","","",""
"1","Pass","Pass 111","24:04","24:10","24:14","1444387","1454387","#24 Asikainen E.","","Outcome: Pass | New subcategory 2: success","0.320","0.556","0.296","0.259","","","","","","","","","","",""
"1","Pass","Pass 112","24:07","24:13","24:17","1447267","1457267","#6 Marshall P.","","Outcome: Pass | New subcategory 2: success","0.386","0.185","0.585","0.252","","","","","","","","","","",""
"1","Pass","Pass 113","24:12","24:18","24:22","1452167","1462167","#30 Lehtinen Lassi","","Outcome: Pass | New subcategory 2: success","0.623","0.281","0.310","0.156","","","","","","","","","","",""
"1","Ground","Ground 008","24:17","24:23","24:27","1457467","1467467","#11 Reiju R.","","New subcategory 1: Offensive | New subcategory 2: Failure","0.301","0.119","","","","","","","","","","","","",""
"1","Pass","Pass 114","24:51","24:57","25:01","1491547","1501547","#10 Talvitie E.","","Outcome: Free kick | New subcategory 2: success","0.344","0.133","0.111","0.556","","","","","","","","","","",""
"1","Shot","Shot 009","24:50","24:57","25:02","1490987","1502987","#4 Paappanen E.","","New subcategory 2: header | New subcategory 1: Off target","0.102","0.489","0.045","0.570","","","","","","","","","","",""
"1","Aerial","Aerial 011","24:56","25:02","25:06","1496807","1506807","#20 Ojakangas E.","","New subcategory 1: Defensive | New subcategory 2: Success","0.220","0.141","","","","","","","","","","","","",""
"1","Pass","Pass 115","25:01","25:07","25:11","1501027","1511027","#20 Ojakangas E.","","Outcome: Pass | New subcategory 2: failed","0.230","0.141","0.296","0.200","","","","","","","","","","",""
"1","extraction ","extraction  031","25:00","25:10","25:20","1500527","1520527","#15 laine S.","","Outcome: clearance","0.737","0.444","","","","","","","","","","","","",""
"1","P/A","P/A 020","25:08","25:18","25:28","1508667","1528667","","",": throw-in | Outcome: Success","0.604","0.022","0.462","0.119","","","","","","","","","","",""
"1","pressing","pressing 044","25:12","25:22","25:32","1512067","1532067","#11 Reiju R.","","","0.476","0.148","0.429","0.170","","","","","","","","","","",""
"1","extraction ","extraction  032","25:16","25:26","25:36","1516947","1536947","#40 Puhakainen L.","","Outcome: clearance","0.600","0.733","","","","","","","","","","","","",""
"1","pressing","pressing 045","25:24","25:34","25:44","1524367","1544367","#10 Talvitie E.","","","0.277","0.600","0.235","0.600","","","","","","","","","","",""
"1","extraction ","extraction  033","25:30","25:40","25:50","1530427","1550427","#30 Lehtinen Lassi","","Outcome: recovery","0.671","0.689","","","","","","","","","","","","",""
"1","Pass","Pass 116","25:35","25:41","25:45","1535047","1545047","#30 Lehtinen Lassi","","Outcome: Pass | New subcategory 2: failed","0.637","0.711","0.571","0.941","","","","","","","","","","",""
"1","P/A","P/A 021","25:52","26:02","26:12","1552707","1572707","","",": throw-in | Outcome: Success","0.661","0.985","0.803","0.904","","","","","","","","","","",""
"1","counter pressing","counter pressing 006","25:53","26:03","26:13","1553447","1573447","#24 Asikainen E.","","New subcategory 1: success","0.727","0.830","","","","","","","","","","","","",""
"1","Pass","Pass 117","25:58","26:04","26:08","1558027","1568027","#24 Asikainen E.","","Outcome: Pass | New subcategory 2: success","0.751","0.793","0.775","0.919","","","","","","","","","","",""
"1","Pass","Pass 118","25:59","26:05","26:09","1559867","1569867","#15 laine S.","","Outcome: Through pass | New subcategory 2: failed","0.761","0.941","0.244","0.904","","","","","","","","","","",""
"1","Aerial","Aerial 012","26:07","26:13","26:17","1567807","1577807","#24 Asikainen E.","","New subcategory 1: Defensive | New subcategory 2: Success","0.424","0.756","","","","","","","","","","","","",""
"1","Pass","Pass 119","26:06","26:12","26:16","1566747","1576747","#24 Asikainen E.","","Outcome: Pass | New subcategory 2: failed","0.391","0.763","0.377","0.637","","","","","","","","","","",""
"1","extraction ","extraction  034","26:04","26:14","26:24","1564847","1584847","#40 Puhakainen L.","","Outcome: clearance","0.576","0.770","","","","","","","","","","","","",""
"1","Pass","Pass 120","26:10","26:16","26:20","1570767","1580767","#24 Asikainen E.","","Outcome: Pass | New subcategory 2: success","0.472","0.815","0.581","0.785","","","","","","","","","","",""
"1","Pass","Pass 121","26:11","26:17","26:21","1571787","1581787","#40 Puhakainen L.","","Outcome: Pass | New subcategory 2: success","0.562","0.800","0.453","0.807","","","","","","","","","","",""
"1","Pass","Pass 122","26:13","26:19","26:23","1573607","1583607","#24 Asikainen E.","","Outcome: Pass | New subcategory 2: success","0.457","0.822","0.424","0.948","","","","","","","","","","",""
"1","counter pressing","counter pressing 007","26:13","26:23","26:33","1573367","1593367","#29 Haapalainen R.","","New subcategory 1: success","0.419","0.852","","","","","","","","","","","","",""
"1","Miscontrol","Miscontrol 012","26:18","26:24","26:28","1578247","1588247","#24 Asikainen E.","","","0.329","0.733","","","","","","","","","","","","",""
"1","extraction ","extraction  035","26:17","26:27","26:37","1577307","1597307","#20 Ojakangas E.","","Outcome: interception","0.358","0.259","","","","","","","","","","","","",""
"1","Pass","Pass 123","26:23","26:29","26:33","1583767","1593767","#20 Ojakangas E.","","Outcome: Pass | New subcategory 2: success","0.377","0.407","0.500","0.489","","","","","","","","","","",""
"1","Pass","Pass 124","26:28","26:34","26:38","1588827","1598827","#4 Paappanen E.","","Outcome: Pass | New subcategory 2: success","0.533","0.504","0.694","0.415","","","","","","","","","","",""
"1","Pass","Pass 125","26:38","26:44","26:48","1598827","1608827","#30 Lehtinen Lassi","","Outcome: progressive  | New subcategory 2: success","0.680","0.415","0.543","0.504","","","","","","","","","","",""
"1","Pass","Pass 126","26:41","26:47","26:51","1601167","1611167","#4 Paappanen E.","","Outcome: Pass | New subcategory 2: success","0.524","0.585","0.614","0.733","","","","","","","","","","",""
"1","Pass","Pass 127","26:47","26:53","26:57","1607667","1617667","#40 Puhakainen L.","","Outcome: Through pass | New subcategory 2: failed","0.557","0.748","0.145","0.941","","","","","","","","","","",""
"1","P/A","P/A 022","27:01","27:11","27:21","1621967","1641967","","","Outcome: Success | : throw-in","0.088","0.993","0.254","0.956","","","","","","","","","","",""
"1","Aerial","Aerial 013","27:07","27:13","27:17","1627847","1637847","#40 Puhakainen L.","","New subcategory 1: Defensive | New subcategory 2: Success","0.382","0.933","","","","","","","","","","","","",""
"1","Pass","Pass 128","27:09","27:15","27:19","1629567","1639567","#40 Puhakainen L.","","Outcome: Pass | New subcategory 2: failed","0.372","0.941","0.315","0.822","","","","","","","","","","",""
"1","pressing","pressing 046","27:08","27:18","27:28","1628387","1648387","#10 Talvitie E.","","","0.249","0.696","0.220","0.659","","","","","","","","","","",""
"1","pressing","pressing 047","27:13","27:23","27:33","1633807","1653807","#11 Reiju R.","","","0.277","0.415","0.282","0.319","","","","","","","","","","",""
"1","extraction ","extraction  036","27:15","27:25","27:35","1635807","1655807","#30 Lehtinen Lassi","","Outcome: recovery","0.732","0.370","","","","","","","","","","","","",""
"1","Pass","Pass 129","27:31","27:37","27:41","1651667","1661667","#30 Lehtinen Lassi","","Outcome: Pass | New subcategory 2: success","0.737","0.437","0.647","0.741","","","","","","","","","","",""
"1","Pass","Pass 130","27:34","27:40","27:44","1654267","1664267","#40 Puhakainen L.","","New subcategory 2: success | Outcome: progressive ","0.633","0.793","0.552","0.674","","","","","","","","","","",""
"1","Pass","Pass 131","27:35","27:41","27:45","1655247","1665247","#24 Asikainen E.","","Outcome: Pass | New subcategory 2: success","0.576","0.689","0.699","0.600","","","","","","","","","","",""
"1","Pass","Pass 132","27:42","27:48","27:52","1662747","1672747","#4 Paappanen E.","","Outcome: Through pass | New subcategory 2: failed","0.642","0.615","0.244","0.067","","","","","","","","","","",""
"1","P/A","P/A 023","27:51","28:01","28:11","1671567","1691567","","","Outcome: Failure | : throw-in","0.258","0.000","0.396","0.067","","","","","","","","","","",""
"1","Aerial","Aerial 014","27:56","28:02","28:06","1676047","1686047","#6 Marshall P.","","New subcategory 1: Defensive | New subcategory 2: Success","0.386","0.059","","","","","","","","","","","","",""
"1","fouls","fouls 004","28:04","28:12","28:18","1684707","1698707","#40 Puhakainen L.","","New subcategory 1: Free kick | New subcategory 2: no card","0.661","0.600","","","","","","","","","","","","",""
"1","SH/A","SH/A 002","29:10","29:20","29:30","1750247","1770247","","",".: free kick | : ON TARGET","0.713","0.452","0.964","0.548","","","","","","","","","","",""
"1","Pass","Pass 133","29:25","29:31","29:35","1765767","1775767","#30 Lehtinen Lassi","","Outcome: progressive  | New subcategory 2: success","0.865","0.511","0.742","0.563","","","","","","","","","","",""
"1","Pass","Pass 134","29:27","29:33","29:37","1767247","1777247","#24 Asikainen E.","","Outcome: Pass | New subcategory 2: success","0.746","0.519","0.808","0.741","","","","","","","","","","",""
"1","Pass","Pass 135","29:28","29:34","29:38","1768967","1778967","#40 Puhakainen L.","","Outcome: Pass | New subcategory 2: success","0.803","0.733","0.884","0.467","","","","","","","","","","",""
"1","Pass","Pass 136","29:34","29:40","29:44","1774767","1784767","#30 Lehtinen Lassi","","Outcome: Pass | New subcategory 2: success","0.827","0.533","0.780","0.763","","","","","","","","","","",""
"1","Pass","Pass 137","29:37","29:43","29:47","1777107","1787107","#40 Puhakainen L.","","Outcome: Pass | New subcategory 2: success","0.784","0.844","0.642","0.881","","","","","","","","","","",""
"1","Pass","Pass 138","29:41","29:47","29:51","1781407","1791407","#29 Haapalainen R.","","Outcome: Pass | New subcategory 2: success","0.647","0.933","0.761","0.867","","","","","","","","","","",""
"1","Pass","Pass 139","29:43","29:49","29:53","1783867","1793867","#40 Puhakainen L.","","Outcome: Pass | New subcategory 2: success","0.765","0.859","0.671","0.933","","","","","","","","","","",""
"1","Pass","Pass 140","29:46","29:52","29:56","1786867","1796867","#29 Haapalainen R.","","New subcategory 2: success | Outcome: Pass","0.628","0.889","0.727","0.600","","","","","","","","","","",""
"1","Pass","Pass 141","29:49","29:55","29:59","1789167","1799167","#30 Lehtinen Lassi","","Outcome: progressive  | New subcategory 2: success","0.746","0.644","0.647","0.652","","","","","","","","","","",""
"1","Pass","Pass 142","29:52","29:58","30:02","1792047","1802047","#24 Asikainen E.","","Outcome: Pass | New subcategory 2: success","0.652","0.585","0.581","0.111","","","","","","","","","","",""
"1","Pass","Pass 143","29:53","29:59","30:03","1793947","1803947","#6 Marshall P.","","Outcome: Pass | New subcategory 2: success","0.581","0.119","0.405","0.059","","","","","","","","","","",""
"1","Pass","Pass 144","29:57","30:03","30:07","1797187","1807187","#11 Reiju R.","","Outcome: Through pass | New subcategory 2: failed","0.386","0.059","0.263","0.089","","","","","","","","","","",""
"1","Substitution","PlayersSubstitution","30:24","30:24","30:24","1824147","1824147","","EPS","","","","","","","","","","","","","","","",""
"1","Pass","Pass 145","30:32","30:38","30:42","1832747","1842747","#6 Marshall P.","","Outcome: Throw-in | New subcategory 2: success","0.263","0.015","0.078","0.074","","","","","","","","","","",""
"1","Dribble","Dribble 008","30:34","30:40","30:44","1834387","1844387","#9 Pinomaa A.","","New subcategory 1: Offensive | New subcategory 3: Success","0.017","0.178","0.031","0.252","","","","","","","","","","",""
"1","Pass","Pass 146","30:37","30:43","30:47","1837407","1847407","#9 Pinomaa A.","","Outcome: Cross | New subcategory 2: failed","0.040","0.289","0.083","0.393","","","","","","","","","","",""
"1","Pass","Pass 147","30:38","30:44","30:48","1838327","1848327","#6 Marshall P.","","Outcome: Cross | New subcategory 2: failed","0.121","0.193","0.031","0.733","","","","","","","","","","",""
"1","fouls","fouls 005","30:47","30:55","31:01","1847727","1861727","#29 Haapalainen R.","","New subcategory 1: Free kick | New subcategory 2: no card","0.073","0.941","","","","","","","","","","","","",""
"1","P/A","P/A 024","30:56","31:06","31:16","1856047","1876047","","","Outcome: Success | : free kick","0.164","0.941","0.078","0.778","","","","","","","","","","",""
"1","pressing","pressing 048","30:56","31:06","31:16","1856367","1876367","#9 Pinomaa A.","","","0.130","0.793","0.107","0.711","","","","","","","","","","",""
"1","Aerial","Aerial 015","31:08","31:14","31:18","1868947","1878947","#4 Paappanen E.","","New subcategory 1: Defensive | New subcategory 2: Failure","0.514","0.467","","","","","","","","","","","","",""
"1","extraction ","extraction  037","31:10","31:20","31:30","1870107","1890107","#40 Puhakainen L.","","Outcome: clearance","0.633","0.496","","","","","","","","","","","","",""
"1","extraction ","extraction  038","31:20","31:30","31:40","1880527","1900527","#20 Ojakangas E.","","Outcome: interception","0.206","0.207","","","","","","","","","","","","",""
"1","fouls","fouls 006","31:27","31:35","31:41","1887747","1901747","#8 O. Adawi","","New subcategory 1: Free kick | New subcategory 2: no card","0.211","0.281","","","","","","","","","","","","",""
"1","P/A","P/A 025","31:37","31:47","31:57","1897187","1917187","","","Outcome: Success | : free kick","0.187","0.311","0.154","0.096","","","","","","","","","","",""
"1","P/A","P/A 026","31:46","31:56","32:06","1906407","1926407","","","Outcome: Failure | : pass","0.453","0.119","0.637","0.030","","","","","","","","","","",""
"1","Pass","Pass 148","31:59","32:05","32:09","1919167","1929167","#6 Marshall P.","","Outcome: Throw-in | New subcategory 2: success","0.604","0.000","0.533","0.133","","","","","","","","","","",""
"1","Miscontrol","Miscontrol 013","32:00","32:06","32:10","1920887","1930887","#8 O. Adawi","","","0.552","0.156","","","","","","","","","","","","",""
"1","Ground","Ground 009","32:03","32:09","32:13","1923967","1933967","#4 Paappanen E.","","New subcategory 1: Defensive | New subcategory 2: Success","0.642","0.200","","","","","","","","","","","","",""
"1","Pass","Pass 149","32:08","32:14","32:18","1928367","1938367","#4 Paappanen E.","","Outcome: Pass | New subcategory 2: success","0.633","0.259","0.836","0.393","","","","","","","","","","",""
"1","Pass","Pass 150","32:10","32:16","32:20","1930527","1940527","#30 Lehtinen Lassi","","Outcome: Pass | New subcategory 2: success","0.851","0.489","0.770","0.733","","","","","","","","","","",""
"1","Pass","Pass 151","32:16","32:22","32:26","1936447","1946447","#40 Puhakainen L.","","Outcome: Pass | New subcategory 2: success","0.709","0.681","0.628","0.800","","","","","","","","","","",""
"1","Pass","Pass 152","32:18","32:24","32:28","1938087","1948087","#24 Asikainen E.","","Outcome: Pass | New subcategory 2: success","0.618","0.793","0.699","0.696","","","","","","","","","","",""
"1","Pass","Pass 153","32:20","32:26","32:30","1940747","1950747","#40 Puhakainen L.","","Outcome: Pass | New subcategory 2: success","0.690","0.674","0.633","0.304","","","","","","","","","","",""
"1","Pass","Pass 154","32:25","32:31","32:35","1945367","1955367","#4 Paappanen E.","","Outcome: Pass | New subcategory 2: failed","0.628","0.281","0.363","0.289","","","","","","","","","","",""
"1","counter pressing","counter pressing 008","32:28","32:38","32:48","1948287","1968287","#10 Talvitie E.","","New subcategory 1: failure","0.400","0.348","","","","","","","","","","","","",""
"1","extraction ","extraction  039","32:30","32:40","32:50","1950007","1970007","#30 Lehtinen Lassi","","Outcome: recovery","0.685","0.533","","","","","","","","","","","","",""
"1","Pass","Pass 155","32:36","32:42","32:46","1956227","1966227","#30 Lehtinen Lassi","","Outcome: progressive  | New subcategory 2: success","0.713","0.548","0.524","0.726","","","","","","","","","","",""
"1","Pass","Pass 156","32:40","32:46","32:50","1960887","1970887","#15 laine S.","","Outcome: Through pass | New subcategory 2: success","0.533","0.526","0.017","0.156","","","","","","","","","","",""
"1","Miscontrol","Miscontrol 014","32:46","32:52","32:56","1966847","1976847","#6 Marshall P.","","","0.012","0.126","","","","","","","","","","","","",""
"1","Pass","Pass 157","32:54","33:00","33:04","1974667","1984667","#6 Marshall P.","","Outcome: Throw-in | New subcategory 2: success","0.107","0.015","0.230","0.074","","","","","","","","","","",""
"1","Pass","Pass 158","32:59","33:05","33:09","1979327","1989327","#8 O. Adawi","","New subcategory 2: success | Outcome: progressive ","0.310","0.037","0.107","0.022","","","","","","","","","","",""
"1","Ground","Ground 010","32:59","33:05","33:09","1979667","1989667","#6 Marshall P.","","New subcategory 1: Offensive | New subcategory 2: Success","0.296","0.044","","","","","","","","","","","","",""
"1","Pass","Pass 159","33:03","33:09","33:13","1983907","1993907","#6 Marshall P.","","Outcome: Through pass | New subcategory 2: success","0.168","0.037","0.012","0.185","","","","","","","","","","",""
"1","Pass","Pass 160","33:06","33:12","33:16","1986647","1996647","#20 Ojakangas E.","","Outcome: Pass | New subcategory 2: success","0.026","0.081","0.126","0.022","","","","","","","","","","",""
"1","Pass","Pass 161","33:08","33:14","33:18","1988147","1998147","#6 Marshall P.","","Outcome: Pass | New subcategory 2: success","0.130","0.015","0.178","0.133","","","","","","","","","","",""
"1","Pass","Pass 162","33:09","33:15","33:19","1989887","1999887","#8 O. Adawi","","Outcome: Through pass | New subcategory 2: success","0.154","0.148","0.036","0.230","","","","","","","","","","",""
"1","Pass","Pass 163","33:12","33:18","33:22","1992227","2002227","#10 Talvitie E.","","Outcome: Cross | New subcategory 2: success","0.026","0.274","0.097","0.474","","","","","","","","","","",""
"1","Shot","Shot 010","33:13","33:20","33:25","1993267","2005267","#29 Haapalainen R.","","New subcategory 1: Off target | New subcategory 2: open ","0.121","0.467","0.000","0.652","","","","","","","","","","",""
"1","P/A","P/A 027","33:28","33:38","33:48","2008007","2028007","","",": goal kick | Outcome: Success","0.036","0.526","0.064","0.348","","","","","","","","","","",""
"1","pressing","pressing 049","33:28","33:38","33:48","2008847","2028847","#20 Ojakangas E.","","","0.154","0.230","0.097","0.289","","","","","","","","","","",""
"1","pressing","pressing 050","33:36","33:46","33:56","2016947","2036947","#6 Marshall P.","","","0.386","0.141","0.453","0.067","","","","","","","","","","",""
"1","Pass","Pass 164","33:48","33:54","33:58","2028507","2038507","#6 Marshall P.","","Outcome: Throw-in | New subcategory 2: success","0.438","0.015","0.367","0.133","","","","","","","","","","",""
"1","Pass","Pass 165","33:56","34:02","34:06","2036987","2046987","#9 Pinomaa A.","","Outcome: Pass | New subcategory 2: success","0.348","0.200","0.424","0.081","","","","","","","","","","",""
"1","Pass","Pass 166","33:58","34:04","34:08","2038887","2048887","#8 O. Adawi","","Outcome: Through pass | New subcategory 2: success","0.434","0.074","0.135","0.074","","","","","","","","","","",""
"1","Dribble","Dribble 009","34:06","34:12","34:16","2046767","2056767","#20 Ojakangas E.","","New subcategory 1: Offensive | New subcategory 3: Failure","0.073","0.133","0.045","0.200","","","","","","","","","","",""
"1","counter pressing","counter pressing 009","34:09","34:19","34:29","2049467","2069467","#24 Asikainen E.","","New subcategory 1: failure","0.291","0.252","","","","","","","","","","","","",""
"1","extraction ","extraction  040","34:10","34:20","34:30","2050387","2070387","#4 Paappanen E.","","Outcome: interception","0.528","0.133","","","","","","","","","","","","",""
"1","Pass","Pass 167","34:16","34:22","34:26","2056807","2066807","#4 Paappanen E.","","Outcome: Pass | New subcategory 2: success","0.495","0.148","0.363","0.193","","","","","","","","","","",""
"1","Pass","Pass 168","34:17","34:23","34:27","2057707","2067707","#20 Ojakangas E.","","Outcome: Pass | New subcategory 2: success","0.367","0.148","0.415","0.267","","","","","","","","","","",""
"1","Pass","Pass 169","34:18","34:24","34:28","2058307","2068307","#24 Asikainen E.","","Outcome: Pass | New subcategory 2: success","0.415","0.244","0.320","0.341","","","","","","","","","","",""
"1","Dribble","Dribble 010","34:20","34:26","34:30","2060567","2070567","#10 Talvitie E.","","New subcategory 1: Offensive | New subcategory 3: Failure","0.329","0.326","0.306","0.400","","","","","","","","","","",""
"1","Aerial","Aerial 016","34:24","34:30","34:34","2064907","2074907","#4 Paappanen E.","","New subcategory 1: Defensive | New subcategory 2: Success","0.600","0.348","","","","","","","","","","","","",""
"1","Pass","Pass 170","34:25","34:31","34:35","2065747","2075747","#4 Paappanen E.","","Outcome: Pass | New subcategory 2: success","0.628","0.311","0.547","0.452","","","","","","","","","","",""
"1","Pass","Pass 171","34:26","34:32","34:36","2066287","2076287","#24 Asikainen E.","","Outcome: Pass | New subcategory 2: success","0.538","0.481","0.628","0.600","","","","","","","","","","",""
"1","Pass","Pass 172","34:28","34:34","34:38","2068747","2078747","#40 Puhakainen L.","","Outcome: Pass | New subcategory 2: success","0.637","0.600","0.614","0.859","","","","","","","","","","",""
"1","Pass","Pass 173","34:31","34:37","34:41","2071007","2081007","#15 laine S.","","Outcome: Pass | New subcategory 2: success","0.618","0.793","0.652","0.622","","","","","","","","","","",""
"1","Pass","Pass 174","34:33","34:39","34:43","2073947","2083947","#40 Puhakainen L.","","Outcome: progressive  | New subcategory 2: success","0.618","0.756","0.386","0.800","","","","","","","","","","",""
"1","Pass","Pass 175","34:40","34:46","34:50","2080067","2090067","#10 Talvitie E.","","Outcome: Through pass | New subcategory 2: failed","0.377","0.822","0.159","0.889","","","","","","","","","","",""
"1","Pass","Pass 176","35:02","35:08","35:12","2102827","2112827","#15 laine S.","","Outcome: Throw-in | New subcategory 2: success","0.130","0.970","0.239","0.919","","","","","","","","","","",""
"1","Pass","Pass 177","35:03","35:09","35:13","2103247","2113247","#40 Puhakainen L.","","Outcome: Pass | New subcategory 2: failed","0.220","0.896","0.040","0.926","","","","","","","","","","",""
"1","P/A","P/A 028","35:15","35:25","35:35","2115767","2135767","","",": goal kick | Outcome: Success","0.050","0.511","0.078","0.281","","","","","","","","","","",""
"1","pressing","pressing 051","35:18","35:28","35:38","2118467","2138467","#9 Pinomaa A.","","","0.149","0.593","0.111","0.511","","","","","","","","","","",""
"1","extraction ","extraction  041","35:24","35:34","35:44","2124767","2144767","#24 Asikainen E.","","Outcome: interception","0.415","0.230","","","","","","","","","","","","",""
"1","Pass","Pass 178","35:28","35:34","35:38","2128767","2138767","#24 Asikainen E.","","Outcome: Pass | New subcategory 2: success","0.429","0.215","0.377","0.074","","","","","","","","","","",""
"1","Pass","Pass 179","35:29","35:35","35:39","2129887","2139887","#6 Marshall P.","","Outcome: Pass | New subcategory 2: success","0.363","0.052","0.320","0.178","","","","","","","","","","",""
"1","Pass","Pass 180","35:30","35:36","35:40","2130807","2140807","#8 O. Adawi","","Outcome: Pass | New subcategory 2: success","0.334","0.170","0.438","0.193","","","","","","","","","","",""
"1","Miscontrol","Miscontrol 015","35:33","35:39","35:43","2133407","2143407","#24 Asikainen E.","","","0.419","0.289","","","","","","","","","","","","",""
"1","P/A","P/A 029","35:32","35:42","35:52","2132627","2152627","","","Outcome: Success | : pass","0.443","0.304","0.614","0.407","","","","","","","","","","",""
"1","P/A","P/A 030","35:35","35:45","35:55","2135147","2155147","","","Outcome: Failure | : through pass","0.690","0.519","0.780","0.333","","","","","","","","","","",""
"1","extraction ","extraction  042","35:37","35:47","35:57","2137467","2157467","#6 Marshall P.","","Outcome: interception","0.832","0.281","","","","","","","","","","","","",""
"1","extraction ","extraction  043","35:39","35:49","35:59","2139647","2159647","#4 Paappanen E.","","Outcome: clearance","0.860","0.356","","","","","","","","","","","","",""
"1","extraction ","extraction  044","35:46","35:56","36:06","2146087","2166087","#8 O. Adawi","","Outcome: interception","0.609","0.267","","","","","","","","","","","","",""
"1","Pass","Pass 181","35:50","35:56","36:00","2150967","2160967","#8 O. Adawi","","Outcome: Pass | New subcategory 2: success","0.590","0.267","0.410","0.326","","","","","","","","","","",""
"1","Pass","Pass 182","35:52","35:58","36:02","2152927","2162927","#9 Pinomaa A.","","Outcome: Pass | New subcategory 2: success","0.424","0.304","0.571","0.237","","","","","","","","","","",""
"1","Pass","Pass 183","36:06","36:12","36:16","2166287","2176287","#24 Asikainen E.","","New subcategory 2: success | Outcome: Free kick","0.476","0.237","0.377","0.111","","","","","","","","","","",""
"1","Pass","Pass 184","36:09","36:15","36:19","2169307","2179307","#6 Marshall P.","","Outcome: Pass | New subcategory 2: success","0.358","0.148","0.225","0.067","","","","","","","","","","",""
"1","Pass","Pass 185","36:14","36:20","36:24","2174547","2184547","#6 Marshall P.","","Outcome: Pass | New subcategory 2: success","0.239","0.141","0.329","0.059","","","","","","","","","","",""
"1","Pass","Pass 186","36:17","36:23","36:27","2177287","2187287","#8 O. Adawi","","Outcome: Pass | New subcategory 2: success","0.320","0.074","0.168","0.059","","","","","","","","","","",""
"1","Pass","Pass 187","36:19","36:25","36:29","2179127","2189127","#6 Marshall P.","","Outcome: Pass | New subcategory 2: success","0.216","0.059","0.192","0.156","","","","","","","","","","",""
"1","Pass","Pass 188","36:22","36:28","36:32","2182847","2192847","#20 Ojakangas E.","","Outcome: Pass | New subcategory 2: success","0.225","0.133","0.277","0.296","","","","","","","","","","",""
"1","Pass","Pass 189","36:25","36:31","36:35","2185947","2195947","#8 O. Adawi","","Outcome: Pass | New subcategory 2: success","0.282","0.326","0.268","0.563","","","","","","","","","","",""
"1","Pass","Pass 190","36:27","36:33","36:37","2187887","2197887","#15 laine S.","","Outcome: Pass | New subcategory 2: success","0.268","0.681","0.168","0.896","","","","","","","","","","",""
"1","Dribble","Dribble 011","36:34","36:40","36:44","2194007","2204007","#29 Haapalainen R.","","New subcategory 1: Offensive | New subcategory 3: Success","0.159","0.941","0.097","0.889","","","","","","","","","","",""
"1","Shot","Shot 011","36:36","36:43","36:48","2196927","2208927","#29 Haapalainen R.","","New subcategory 1: Off target | New subcategory 2: open ","0.045","0.674","0.021","0.363","","","","","","","","","","",""
"1","Progressive run","Progressive run 003","36:31","36:41","36:51","2191067","2211067","#29 Haapalainen R.","","","0.107","0.911","0.026","0.733","","","","","","","","","","",""
"1","Pass","Pass 191","37:10","37:16","37:20","2230227","2240227","#10 Talvitie E.","","Outcome: Corner | New subcategory 2: failed","0.012","0.015","0.097","0.496","","","","","","","","","","",""
"1","pressing","pressing 052","37:10","37:20","37:30","2230107","2250107","#29 Haapalainen R.","","","0.154","0.689","0.173","0.770","","","","","","","","","","",""
"1","P/A","P/A 031","37:14","37:24","37:34","2234007","2254007","","","Outcome: Success | : through pass","0.182","0.948","0.528","0.896","","","","","","","","","","",""
"1","extraction ","extraction  045","37:20","37:30","37:40","2240967","2260967","#6 Marshall P.","","Outcome: recovery","0.628","0.363","","","","","","","","","","","","",""
"1","Pass","Pass 192","37:25","37:31","37:35","2245927","2255927","#6 Marshall P.","","Outcome: Pass | New subcategory 2: success","0.637","0.400","0.528","0.244","","","","","","","","","","",""
"1","Pass","Pass 193","37:29","37:35","37:39","2249747","2259747","#20 Ojakangas E.","","Outcome: Through pass | New subcategory 2: failed","0.424","0.222","0.211","0.496","","","","","","","","","","",""
"1","pressing","pressing 053","37:30","37:40","37:50","2250667","2270667","#9 Pinomaa A.","","","0.235","0.600","0.235","0.519","","","","","","","","","","",""
"1","Pass","Pass 194","37:54","38:00","38:04","2274967","2284967","#6 Marshall P.","","Outcome: Throw-in | New subcategory 2: success","0.415","0.015","0.476","0.141","","","","","","","","","","",""
"1","Pass","Pass 195","37:54","38:00","38:04","2274967","2284967","#8 O. Adawi","","Outcome: Pass | New subcategory 2: success","0.457","0.119","0.410","0.030","","","","","","","","","","",""
"1","Pass","Pass 196","37:56","38:02","38:06","2276227","2286227","#6 Marshall P.","","Outcome: Pass | New subcategory 2: success","0.434","0.022","0.476","0.119","","","","","","","","","","",""
"1","Pass","Pass 197","37:58","38:04","38:08","2278747","2288747","#8 O. Adawi","","Outcome: Pass | New subcategory 2: success","0.453","0.111","0.391","0.037","","","","","","","","","","",""
"1","Pass","Pass 198","38:01","38:07","38:11","2281847","2291847","#6 Marshall P.","","Outcome: Pass | New subcategory 2: success","0.410","0.037","0.457","0.133","","","","","","","","","","",""
"1","Miscontrol","Miscontrol 016","38:07","38:13","38:17","2287687","2297687","#8 O. Adawi","","","0.386","0.111","","","","","","","","","","","","",""
"1","Dribble","Dribble 012","38:07","38:13","38:17","2287687","2297687","#8 O. Adawi","","New subcategory 1: Offensive | New subcategory 3: Success","0.462","0.096","0.400","0.111","","","","","","","","","","",""
"1","P/A","P/A 032","38:11","38:21","38:31","2291907","2311907","","","Outcome: Failure | : throw-in","0.472","0.022","0.623","0.119","","","","","","","","","","",""
"1","Pass","Pass 199","38:19","38:25","38:29","2299527","2309527","#4 Paappanen E.","","Outcome: Pass | New subcategory 2: success","0.704","0.259","0.671","0.607","","","","","","","","","","",""
"1","Pass","Pass 200","38:26","38:32","38:36","2306587","2316587","#15 laine S.","","Outcome: Through pass | New subcategory 2: success","0.443","0.859","0.149","0.733","","","","","","","","","","",""
"1","extraction ","extraction  046","38:27","38:37","38:47","2307767","2327767","#29 Haapalainen R.","","Outcome: interception","0.083","0.919","","","","","","","","","","","","",""
"1","Miscontrol","Miscontrol 017","38:33","38:39","38:43","2313727","2323727","#29 Haapalainen R.","","","0.116","0.889","","","","","","","","","","","","",""
"1","extraction ","extraction  047","38:33","38:43","38:53","2313007","2333007","#40 Puhakainen L.","","Outcome: recovery","0.462","0.830","","","","","","","","","","","","",""
"1","Pass","Pass 201","38:37","38:43","38:47","2317187","2327187","#40 Puhakainen L.","","Outcome: Pass | New subcategory 2: success","0.457","0.874","0.344","0.948","","","","","","","","","","",""
"1","Pass","Pass 202","38:39","38:45","38:49","2319647","2329647","#15 laine S.","","Outcome: Pass | New subcategory 2: success","0.367","0.933","0.453","0.881","","","","","","","","","","",""
"1","Pass","Pass 203","38:41","38:47","38:51","2321367","2331367","#40 Puhakainen L.","","Outcome: Pass | New subcategory 2: success","0.457","0.844","0.339","0.904","","","","","","","","","","",""
"1","Pass","Pass 204","38:45","38:51","38:55","2325507","2335507","#15 laine S.","","Outcome: Pass | New subcategory 2: success","0.358","0.904","0.472","0.837","","","","","","","","","","",""
"1","Pass","Pass 205","38:47","38:53","38:57","2327727","2337727","#40 Puhakainen L.","","Outcome: Pass | New subcategory 2: success","0.528","0.815","0.538","0.437","","","","","","","","","","",""
"1","Pass","Pass 206","38:50","38:56","39:00","2330367","2340367","#4 Paappanen E.","","Outcome: Pass | New subcategory 2: success","0.528","0.481","0.642","0.526","","","","","","","","","","",""
"1","Pass","Pass 207","38:53","38:59","39:03","2333447","2343447","#30 Lehtinen Lassi","","Outcome: Pass | New subcategory 2: success","0.671","0.548","0.642","0.822","","","","","","","","","","",""
"1","Pass","Pass 208","38:56","39:02","39:06","2336287","2346287","#40 Puhakainen L.","","Outcome: Pass | New subcategory 2: success","0.614","0.800","0.438","0.800","","","","","","","","","","",""
"1","Pass","Pass 209","38:58","39:04","39:08","2338027","2348027","#29 Haapalainen R.","","Outcome: Through pass | New subcategory 2: success","0.358","0.763","0.149","0.911","","","","","","","","","","",""
"1","Dribble","Dribble 013","39:00","39:06","39:10","2340627","2350627","#15 laine S.","","New subcategory 1: Offensive | New subcategory 3: Success","0.187","0.852","0.192","0.793","","","","","","","","","","",""
"1","Dribble","Dribble 014","39:02","39:08","39:12","2342227","2352227","#15 laine S.","","New subcategory 1: Offensive | New subcategory 3: Success","0.187","0.711","0.192","0.652","","","","","","","","","","",""
"1","Pass","Pass 210","39:03","39:09","39:13","2343847","2353847","#15 laine S.","","Outcome: Pass | New subcategory 2: success","0.201","0.541","0.182","0.637","","","","","","","","","","",""
"1","Miscontrol","Miscontrol 018","39:07","39:13","39:17","2347107","2357107","#24 Asikainen E.","","","0.182","0.607","","","","","","","","","","","","",""
"1","fouls","fouls 007","39:09","39:17","39:23","2349707","2363707","#8 O. Adawi","","New subcategory 1: Free kick | New subcategory 2: no card","0.424","0.533","","","","","","","","","","","","",""
"1","Progressive run","Progressive run 004","38:58","39:08","39:18","2338427","2358427","#15 laine S.","","","0.187","0.904","0.173","0.622","","","","","","","","","","",""
"1","P/A","P/A 033","39:21","39:31","39:41","2361227","2381227","","","Outcome: Success | : free kick","0.405","0.496","0.699","0.119","","","","","","","","","","",""
"1","Dribble","Dribble 015","39:28","39:34","39:38","2368567","2378567","#6 Marshall P.","","New subcategory 1: Defensive | New subcategory 3: Success","0.917","0.156","0.941","0.207","","","","","","","","","","",""
"1","Pass","Pass 211","39:29","39:35","39:39","2369867","2379867","#6 Marshall P.","","Outcome: Pass | New subcategory 2: success","0.936","0.141","0.917","0.296","","","","","","","","","","",""
"1","extraction ","extraction  048","39:25","39:35","39:45","2365867","2385867","#4 Paappanen E.","","Outcome: clearance","0.936","0.296","","","","","","","","","","","","",""
"1","Ground","Ground 011","39:33","39:39","39:43","2373467","2383467","#10 Talvitie E.","","New subcategory 1: Defensive | New subcategory 2: Success","0.595","0.156","","","","","","","","","","","","",""
"1","P/A","P/A 034","39:33","39:43","39:53","2373487","2393487","","","Outcome: Success | : pass","0.405","0.022","0.566","0.052","","","","","","","","","","",""
"1","P/A","P/A 035","39:38","39:48","39:58","2378907","2398907","","","Outcome: Failure | : pass","0.547","0.148","0.713","0.704","","","","","","","","","","",""
"1","Aerial","Aerial 017","39:42","39:48","39:52","2382907","2392907","#15 laine S.","","New subcategory 1: Defensive | New subcategory 2: Success","0.704","0.763","","","","","","","","","","","","",""
"1","fouls","fouls 008","39:47","39:55","40:01","2387407","2401407","","","New subcategory 1: offside | New subcategory 2: no card","0.704","0.815","","","","","","","","","","","","",""
"1","Pass","Pass 212","39:58","40:04","40:08","2398407","2408407","#40 Puhakainen L.","","Outcome: Free kick | New subcategory 2: success","0.590","0.785","0.685","0.674","","","","","","","","","","",""
"1","Pass","Pass 213","40:08","40:14","40:18","2408587","2418587","#30 Lehtinen Lassi","","Outcome: Cross | New subcategory 2: success","0.661","0.585","0.600","0.837","","","","","","","","","","",""
"1","Pass","Pass 214","40:12","40:18","40:22","2412727","2422727","#40 Puhakainen L.","","Outcome: Pass | New subcategory 2: success","0.509","0.859","0.590","0.719","","","","","","","","","","",""
"1","Pass","Pass 215","40:16","40:22","40:26","2416947","2426947","#24 Asikainen E.","","Outcome: progressive  | New subcategory 2: success","0.585","0.726","0.410","0.748","","","","","","","","","","",""
"1","Miscontrol","Miscontrol 019","40:19","40:25","40:29","2419647","2429647","#10 Talvitie E.","","","0.382","0.778","","","","","","","","","","","","",""
"1","pressing","pressing 054","40:19","40:29","40:39","2419847","2439847","#8 O. Adawi","","","0.481","0.674","0.424","0.659","","","","","","","","","","",""
"1","extraction ","extraction  049","40:24","40:34","40:44","2424847","2444847","#30 Lehtinen Lassi","","Outcome: recovery","0.855","0.274","","","","","","","","","","","","",""
"1","Pass","Pass 216","40:34","40:40","40:44","2434567","2444567","#30 Lehtinen Lassi","","Outcome: Pass | New subcategory 2: success","0.836","0.422","0.770","0.763","","","","","","","","","","",""
"1","Pass","Pass 217","40:40","40:46","40:50","2440947","2450947","#40 Puhakainen L.","","Outcome: Pass | New subcategory 2: success","0.704","0.770","0.780","0.541","","","","","","","","","","",""
"1","Pass","Pass 218","40:46","40:52","40:56","2446787","2456787","#30 Lehtinen Lassi","","Outcome: Pass | New subcategory 2: success","0.718","0.533","0.581","0.830","","","","","","","","","","",""
"1","Pass","Pass 219","40:50","40:56","41:00","2450107","2460107","#8 O. Adawi","","Outcome: Pass | New subcategory 2: success","0.557","0.844","0.656","0.689","","","","","","","","","","",""
"1","Pass","Pass 220","40:52","40:58","41:02","2452567","2462567","#40 Puhakainen L.","","Outcome: Pass | New subcategory 2: success","0.652","0.659","0.656","0.281","","","","","","","","","","",""
"1","Pass","Pass 221","40:57","41:03","41:07","2457007","2467007","#4 Paappanen E.","","Outcome: Pass | New subcategory 2: success","0.614","0.311","0.438","0.037","","","","","","","","","","",""
"1","Dribble","Dribble 016","41:01","41:07","41:11","2461767","2471767","#6 Marshall P.","","New subcategory 1: Offensive | New subcategory 3: Failure","0.273","0.089","0.225","0.126","","","","","","","","","","",""
"1","Pass","Pass 222","41:08","41:14","41:18","2468847","2478847","#6 Marshall P.","","Outcome: Throw-in | New subcategory 2: success","0.225","0.022","0.268","0.104","","","","","","","","","","",""
"1","Pass","Pass 223","41:11","41:17","41:21","2471547","2481547","#20 Ojakangas E.","","Outcome: Pass | New subcategory 2: failed","0.291","0.178","0.216","0.267","","","","","","","","","","",""
"1","extraction ","extraction  050","41:10","41:20","41:30","2470507","2490507","#6 Marshall P.","","Outcome: interception","0.296","0.156","","","","","","","","","","","","",""
"1","counter pressing","counter pressing 010","41:10","41:20","41:30","2470507","2490507","#6 Marshall P.","","New subcategory 1: success","0.282","0.148","","","","","","","","","","","","",""
"1","Pass","Pass 224","41:16","41:22","41:26","2476667","2486667","#24 Asikainen E.","","Outcome: Pass | New subcategory 2: success","0.367","0.133","0.268","0.089","","","","","","","","","","",""
"1","Pass","Pass 225","41:19","41:25","41:29","2479167","2489167","#6 Marshall P.","","Outcome: Through pass | New subcategory 2: success","0.287","0.059","0.107","0.081","","","","","","","","","","",""
"1","Pass","Pass 226","41:26","41:32","41:36","2486427","2496427","#20 Ojakangas E.","","Outcome: Cross | New subcategory 2: failed","0.055","0.148","0.088","0.304","","","","","","","","","","",""
"1","Pass","Pass 227","41:48","41:54","41:58","2508767","2518767","#10 Talvitie E.","","Outcome: Corner | New subcategory 2: success","0.012","0.007","0.040","0.119","","","","","","","","","","",""
"1","Pass","Pass 228","41:50","41:56","42:00","2510027","2520027","#24 Asikainen E.","","Outcome: Pass | New subcategory 2: success","0.026","0.119","0.097","0.067","","","","","","","","","","",""
"1","Pass","Pass 229","41:51","41:57","42:01","2511547","2521547","#10 Talvitie E.","","Outcome: Pass | New subcategory 2: success","0.121","0.044","0.206","0.119","","","","","","","","","","",""
"1","Pass","Pass 230","41:52","41:58","42:02","2512567","2522567","#20 Ojakangas E.","","Outcome: Cross | New subcategory 2: failed","0.230","0.141","0.097","0.615","","","","","","","","","","",""
"1","Shot","Shot 012","41:56","42:03","42:08","2516247","2528247","#29 Haapalainen R.","","New subcategory 1: on target  | New subcategory 2: open ","0.092","0.644","0.017","0.556","","","","","","","","","","",""
"1","Pass","Pass 231","41:59","42:05","42:09","2519707","2529707","#29 Haapalainen R.","","New subcategory 2: success | Outcome: assist","0.059","0.652","0.069","0.459","","","","","","","","","","",""
"1","Shot","Shot 013","41:59","42:06","42:11","2519507","2531507","#9 Pinomaa A.","","New subcategory 1: goal | New subcategory 2: open ","0.078","0.563","0.000","0.541","","","","","","","","","","",""
"1","extraction ","extraction  051","42:48","42:58","43:08","2568507","2588507","#40 Puhakainen L.","","Outcome: clearance","0.761","0.667","","","","","","","","","","","","",""
"1","extraction ","extraction  052","42:52","43:02","43:12","2572367","2592367","#24 Asikainen E.","","Outcome: interception","0.685","0.600","","","","","","","","","","","","",""
"1","extraction ","extraction  053","42:52","43:02","43:12","2572667","2592667","#4 Paappanen E.","","Outcome: clearance","0.765","0.600","","","","","","","","","","","","",""
"1","Aerial","Aerial 018","42:59","43:05","43:09","2579887","2589887","#10 Talvitie E.","","New subcategory 1: Offensive | New subcategory 2: Success","0.543","0.281","","","","","","","","","","","","",""
"1","Pass","Pass 232","43:02","43:08","43:12","2582327","2592327","#10 Talvitie E.","","Outcome: Pass | New subcategory 2: success","0.543","0.311","0.453","0.215","","","","","","","","","","",""
"1","Pass","Pass 233","43:04","43:10","43:14","2584447","2594447","#9 Pinomaa A.","","Outcome: Pass | New subcategory 2: success","0.519","0.178","0.647","0.119","","","","","","","","","","",""
"1","Pass","Pass 234","43:07","43:13","43:17","2587687","2597687","#6 Marshall P.","","Outcome: Pass | New subcategory 2: success","0.604","0.185","0.737","0.356","","","","","","","","","","",""
"1","Pass","Pass 235","43:09","43:15","43:19","2589827","2599827","#30 Lehtinen Lassi","","Outcome: Pass | New subcategory 2: success","0.765","0.356","0.685","0.630","","","","","","","","","","",""
"1","Pass","Pass 236","43:16","43:22","43:26","2596167","2606167","#40 Puhakainen L.","","Outcome: Pass | New subcategory 2: success","0.600","0.763","0.438","0.785","","","","","","","","","","",""
"1","Pass","Pass 237","43:20","43:26","43:30","2600227","2610227","#29 Haapalainen R.","","Outcome: Through pass | New subcategory 2: failed","0.396","0.904","0.040","0.889","","","","","","","","","","",""
"1","Aerial","Aerial 019","43:51","43:57","44:01","2631387","2641387","#4 Paappanen E.","","New subcategory 1: Defensive | New subcategory 2: Success","0.604","0.681","","","","","","","","","","","","",""
"1","P/A","P/A 036","43:47","43:57","44:07","2627627","2647627","","","Outcome: Failure | : goal kick","0.059","0.541","0.600","0.556","","","","","","","","","","",""
"1","Dribble","Dribble 017","43:58","44:04","44:08","2638427","2648427","#6 Marshall P.","","New subcategory 1: Defensive | New subcategory 3: Failure","0.547","0.059","0.585","0.067","","","","","","","","","","",""
"1","P/A","P/A 037","43:52","44:02","44:12","2632667","2652667","","","Outcome: Success | : pass","0.396","0.163","0.595","0.067","","","","","","","","","","",""
"1","P/A","P/A 038","44:10","44:20","44:30","2650887","2670887","","","Outcome: Success | : pass","0.628","0.422","0.737","0.837","","","","","","","","","","",""
"1","extraction ","extraction  054","44:15","44:25","44:35","2655767","2675767","#30 Lehtinen Lassi","","Outcome: interception","0.912","0.422","","","","","","","","","","","","",""
"1","P/A","P/A 039","44:15","44:25","44:35","2655887","2675887","","","Outcome: Failure | : cross","0.818","0.911","0.927","0.489","","","","","","","","","","",""
"1","Pass","Pass 238","44:31","44:37","44:41","2671507","2681507","#30 Lehtinen Lassi","","Outcome: Pass | New subcategory 2: success","0.874","0.407","0.813","0.726","","","","","","","","","","",""
"1","Pass","Pass 239","44:33","44:39","44:43","2673747","2683747","#40 Puhakainen L.","","Outcome: Pass | New subcategory 2: success","0.784","0.770","0.666","0.933","","","","","","","","","","",""
"1","Pass","Pass 240","44:36","44:42","44:46","2676287","2686287","#15 laine S.","","Outcome: Pass | New subcategory 2: success","0.642","0.948","0.756","0.822","","","","","","","","","","",""
"1","Pass","Pass 241","44:41","44:47","44:51","2681147","2691147","#40 Puhakainen L.","","Outcome: Pass | New subcategory 2: success","0.704","0.741","0.637","0.333","","","","","","","","","","",""
"1","Progressive run","Progressive run 005","44:42","44:52","45:02","2682127","2702127","#4 Paappanen E.","","","0.623","0.296","0.457","0.222","","","","","","","","","","",""
"1","Pass","Pass 242","44:47","44:53","44:57","2687507","2697507","#4 Paappanen E.","","Outcome: Pass | New subcategory 2: failed","0.457","0.230","0.320","0.519","","","","","","","","","","",""
"1","Ground","Ground 012","44:47","44:53","44:57","2687967","2697967","#9 Pinomaa A.","","New subcategory 1: Offensive | New subcategory 2: Failure","0.325","0.526","","","","","","","","","","","","",""
"1","extraction ","extraction  055","44:46","44:56","45:06","2686247","2706247","#4 Paappanen E.","","Outcome: recovery","0.600","0.230","","","","","","","","","","","","",""
"1","Pass","Pass 243","44:57","45:03","45:07","2697067","2707067","#4 Paappanen E.","","Outcome: Pass | New subcategory 2: success","0.609","0.222","0.704","0.356","","","","","","","","","","",""
"1","Pass","Pass 244","44:59","45:05","45:09","2699047","2709047","#30 Lehtinen Lassi","","Outcome: Pass | New subcategory 2: success","0.713","0.385","0.642","0.681","","","","","","","","","","",""
"1","Pass","Pass 245","45:06","45:12","45:16","2706667","2716667","#40 Puhakainen L.","","Outcome: Through pass | New subcategory 2: success","0.571","0.770","0.235","0.163","","","","","","","","","","",""
"1","Dribble","Dribble 018","45:08","45:14","45:18","2708867","2718867","#20 Ojakangas E.","","New subcategory 1: Offensive | New subcategory 3: Failure","0.149","0.126","0.116","0.170","","","","","","","","","","",""
"1","Aerial","Aerial 020","45:21","45:27","45:31","2721607","2731607","#4 Paappanen E.","","New subcategory 1: Defensive | New subcategory 2: Success","0.557","0.259","","","","","","","","","","","","",""
"1","Aerial","Aerial 021","45:31","45:37","45:41","2731787","2741787","#4 Paappanen E.","","New subcategory 1: Defensive | New subcategory 2: Success","0.538","0.037","","","","","","","","","","","","",""
"1","counter pressing","counter pressing 011","45:33","45:43","45:53","2733307","2753307","#10 Talvitie E.","","New subcategory 1: success","0.249","0.259","","","","","","","","","","","","",""
"1","Pass","Pass 246","45:39","45:45","45:49","2739647","2749647","#10 Talvitie E.","","Outcome: Through pass | New subcategory 2: success","0.206","0.304","0.059","0.267","","","","","","","","","","",""
"1","Pass","Pass 247","45:41","45:47","45:51","2741887","2751887","#9 Pinomaa A.","","Outcome: Cross | New subcategory 2: success","0.040","0.274","0.097","0.511","","","","","","","","","","",""
"1","Dribble","Dribble 019","45:40","45:46","45:50","2740147","2750147","#29 Haapalainen R.","","New subcategory 1: Offensive | New subcategory 3: Success","0.116","0.533","0.102","0.467","","","","","","","","","","",""
"1","Shot","Shot 014","45:39","45:46","45:51","2739727","2751727","#29 Haapalainen R.","","New subcategory 1: on target  | New subcategory 2: open ","0.130","0.444","0.007","0.533","","","","","","","","","","",""
"1","P/A","P/A 040","45:44","45:54","46:04","2744307","2764307","","","Outcome: Failure | : pass","0.111","0.659","0.661","0.585","","","","","","","","","","",""
"1","extraction ","extraction  056","45:44","45:54","46:04","2744667","2764667","#40 Puhakainen L.","","Outcome: interception","0.571","0.615","","","","","","","","","","","","",""
"1","extraction ","extraction  057","45:48","45:58","46:08","2748687","2768687","#29 Haapalainen R.","","Outcome: interception","0.334","0.837","","","","","","","","","","","","",""
"1","Ground","Ground 013","45:53","45:59","46:03","2753047","2763047","#29 Haapalainen R.","","New subcategory 1: Offensive | New subcategory 2: Success","0.339","0.852","","","","","","","","","","","","",""
"1","Pass","Pass 248","45:53","45:59","46:03","2753587","2763587","#29 Haapalainen R.","","Outcome: Pass | New subcategory 2: success","0.310","0.800","0.358","0.933","","","","","","","","","","",""
"1","Pass","Pass 249","46:40","46:46","46:50","2800907","2810907","#10 Talvitie E.","","Outcome: Free kick | New subcategory 2: failed","0.320","0.889","0.050","0.452","","","","","","","","","","",""
"2","Substitution","PlayersSubstitution","61:27","61:27","61:27","3687333","3687333","","EPS","","","","","","","","","","","","","","","",""
"2","Substitution","PositionChange","61:31","61:31","61:31","3691393","3691393","","EPS","","","","","","","","","","","","","","","",""
"2","pressing","pressing 055","61:54","62:04","62:14","3714013","3734013","#9 Pinomaa A.","","","0.500","0.296","0.467","0.326","","","","","","","","","","",""
"2","pressing","pressing 056","62:02","62:12","62:22","3722013","3742013","#29 Haapalainen R.","","","0.472","0.911","0.434","0.881","","","","","","","","","","",""
"2","extraction ","extraction  058","62:05","62:15","62:25","3725773","3745773","#40 Puhakainen L.","","Outcome: interception","0.472","0.756","","","","","","","","","","","","",""
"2","extraction ","extraction  059","62:09","62:19","62:29","3729053","3749053","#8 O. Adawi","","Outcome: clearance","0.419","0.756","","","","","","","","","","","","",""
"2","extraction ","extraction  060","62:13","62:23","62:33","3733273","3753273","#30 Lehtinen Lassi","","Outcome: recovery","0.765","0.711","","","","","","","","","","","","",""
"2","Pass","Pass 250","62:34","62:40","62:44","3754073","3764073","#30 Lehtinen Lassi","","Outcome: Pass | New subcategory 2: success","0.865","0.681","0.647","0.911","","","","","","","","","","",""
"2","Miscontrol","Miscontrol 020","62:36","62:42","62:46","3756413","3766413","#19 Gebala M.","","","0.666","0.948","","","","","","","","","","","","",""
"2","P/A","P/A 041","62:47","62:57","63:07","3767553","3787553","","","Outcome: Success | : throw-in","0.751","0.985","0.841","0.815","","","","","","","","","","",""
"2","counter pressing","counter pressing 012","62:53","63:03","63:13","3773393","3793393","#10 Talvitie E.","","New subcategory 1: success","0.751","0.889","","","","","","","","","","","","",""
"2","Pass","Pass 251","63:03","63:09","63:13","3783333","3793333","#10 Talvitie E.","","Outcome: Pass | New subcategory 2: failed","0.727","0.807","0.306","0.911","","","","","","","","","","",""
"2","pressing","pressing 057","63:15","63:25","63:35","3795813","3815813","#9 Pinomaa A.","","","0.273","0.793","0.220","0.741","","","","","","","","","","",""
"2","Ground","Ground 014","63:31","63:37","63:41","3811473","3821473","#15 laine S.","","New subcategory 1: Defensive | New subcategory 2: Success","0.524","0.037","","","","","","","","","","","","",""
"2","Pass","Pass 252","63:32","63:38","63:42","3812553","3822553","#15 laine S.","","Outcome: Throw-in | New subcategory 2: success","0.524","0.007","0.604","0.104","","","","","","","","","","",""
"2","Pass","Pass 253","63:35","63:41","63:45","3815593","3825593","#4 Paappanen E.","","Outcome: Pass | New subcategory 2: success","0.609","0.119","0.751","0.304","","","","","","","","","","",""
"2","Pass","Pass 254","63:38","63:44","63:48","3818693","3828693","#30 Lehtinen Lassi","","Outcome: Pass | New subcategory 2: success","0.799","0.370","0.727","0.674","","","","","","","","","","",""
"2","Progressive run","Progressive run 006","63:42","63:52","64:02","3822953","3842953","#40 Puhakainen L.","","","0.751","0.733","0.543","0.867","","","","","","","","","","",""
"2","Pass","Pass 255","63:49","63:55","63:59","3829293","3839293","#40 Puhakainen L.","","Outcome: Pass | New subcategory 2: failed","0.543","0.837","0.268","0.956","","","","","","","","","","",""
"2","extraction ","extraction  061","63:54","64:04","64:14","3834153","3854153","#15 laine S.","","Outcome: interception","0.382","0.089","","","","","","","","","","","","",""
"2","Pass","Pass 256","63:59","64:05","64:09","3839173","3849173","#15 laine S.","","Outcome: Pass | New subcategory 2: success","0.377","0.067","0.367","0.244","","","","","","","","","","",""
"2","Pass","Pass 257","63:59","64:05","64:09","3839953","3849953","#8 O. Adawi","","Outcome: Pass | New subcategory 2: success","0.415","0.185","0.590","0.133","","","","","","","","","","",""
"2","Pass","Pass 258","64:02","64:08","64:12","3842333","3852333","#4 Paappanen E.","","New subcategory 2: success | Outcome: Pass","0.576","0.170","0.742","0.304","","","","","","","","","","",""
"2","Pass","Pass 259","64:13","64:19","64:23","3853253","3863253","#30 Lehtinen Lassi","","Outcome: progressive  | New subcategory 2: success","0.690","0.311","0.448","0.222","","","","","","","","","","",""
"2","Pass","Pass 260","64:14","64:20","64:24","3854593","3864593","#37 Rajamäki N.","","Outcome: Pass | New subcategory 2: success","0.514","0.193","0.533","0.326","","","","","","","","","","",""
"2","Pass","Pass 261","64:15","64:21","64:25","3855473","3865473","#24 Asikainen E.","","Outcome: Pass | New subcategory 2: success","0.533","0.281","0.675","0.170","","","","","","","","","","",""
"2","Pass","Pass 262","64:20","64:26","64:30","3860933","3870933","#4 Paappanen E.","","Outcome: Pass | New subcategory 2: failed","0.652","0.163","0.367","0.111","","","","","","","","","","",""
"2","Pass","Pass 263","64:32","64:38","64:42","3872453","3882453","#15 laine S.","","Outcome: Throw-in | New subcategory 2: success","0.320","0.015","0.235","0.119","","","","","","","","","","",""
"2","Miscontrol","Miscontrol 021","64:36","64:42","64:46","3876773","3886773","#37 Rajamäki N.","","","0.277","0.111","","","","","","","","","","","","",""
"2","Pass","Pass 264","65:24","65:30","65:34","3924253","3934253","#10 Talvitie E.","","Outcome: Free kick | New subcategory 2: failed","0.173","0.044","0.092","0.548","","","","","","","","","","",""
"2","extraction ","extraction  062","65:23","65:33","65:43","3923973","3943973","#8 O. Adawi","","Outcome: recovery","0.367","0.230","","","","","","","","","","","","",""
"2","Pass","Pass 265","65:33","65:39","65:43","3933273","3943273","#8 O. Adawi","","Outcome: Pass | New subcategory 2: failed","0.415","0.111","0.258","0.081","","","","","","","","","","",""
"2","Pass","Pass 266","65:37","65:43","65:47","3937133","3947133","#8 O. Adawi","","Outcome: Pass | New subcategory 2: success","0.424","0.133","0.230","0.081","","","","","","","","","","",""
"2","Pass","Pass 267","65:40","65:46","65:50","3940093","3950093","#15 laine S.","","Outcome: Through pass | New subcategory 2: failed","0.296","0.185","0.102","0.356","","","","","","","","","","",""
"2","pressing","pressing 058","65:43","65:53","66:03","3943733","3963733","#29 Haapalainen R.","","","0.273","0.748","0.296","0.815","","","","","","","","","","",""
"2","P/A","P/A 042","65:47","65:57","66:07","3947673","3967673","","","Outcome: Success | : pass","0.396","0.956","0.690","0.956","","","","","","","","","","",""
"2","Dribble","Dribble 020","65:54","66:00","66:04","3954633","3964633","#19 Gebala M.","","New subcategory 1: Defensive | New subcategory 3: Success","0.709","0.970","0.761","0.963","","","","","","","","","","",""
"2","extraction ","extraction  063","65:52","66:02","66:12","3952553","3972553","#24 Asikainen E.","","Outcome: interception","0.756","0.926","","","","","","","","","","","","",""
"2","Pass","Pass 268","65:59","66:05","66:09","3959373","3969373","#24 Asikainen E.","","Outcome: Pass | New subcategory 2: success","0.813","0.859","0.903","0.563","","","","","","","","","","",""
"2","Pass","Pass 269","66:01","66:07","66:11","3961313","3971313","#30 Lehtinen Lassi","","Outcome: Pass | New subcategory 2: success","0.917","0.541","0.841","0.067","","","","","","","","","","",""
"2","Pass","Pass 270","66:05","66:11","66:15","3965733","3975733","#4 Paappanen E.","","Outcome: Pass | New subcategory 2: failed","0.799","0.089","0.434","0.089","","","","","","","","","","",""
"2","P/A","P/A 043","66:19","66:29","66:39","3979653","3999653","","","Outcome: Failure | : pass","0.367","0.096","0.931","0.067","","","","","","","","","","",""
"2","Pass","Pass 271","66:40","66:46","66:50","4000873","4010873","#4 Paappanen E.","","Outcome: goal kick | New subcategory 2: success","0.941","0.378","0.964","0.481","","","","","","","","","","",""
"2","Pass","Pass 272","66:44","66:50","66:54","4004513","4014513","#30 Lehtinen Lassi","","Outcome: Pass | New subcategory 2: success","0.908","0.504","0.874","0.304","","","","","","","","","","",""
"2","Pass","Pass 273","66:49","66:55","66:59","4009473","4019473","#4 Paappanen E.","","Outcome: progressive  | New subcategory 2: success","0.775","0.304","0.604","0.237","","","","","","","","","","",""
"2","Pass","Pass 274","66:52","66:58","67:02","4012993","4022993","#37 Rajamäki N.","","Outcome: Pass | New subcategory 2: failed","0.571","0.230","0.372","0.259","","","","","","","","","","",""
"2","counter pressing","counter pressing 013","66:52","67:02","67:12","4012413","4032413","#8 O. Adawi","","New subcategory 1: success","0.410","0.259","","","","","","","","","","","","",""
"2","Pass","Pass 275","66:59","67:05","67:09","4019893","4029893","#8 O. Adawi","","Outcome: Pass | New subcategory 2: success","0.462","0.244","0.680","0.304","","","","","","","","","","",""
"2","Pass","Pass 276","67:11","67:17","67:21","4031353","4041353","#30 Lehtinen Lassi","","Outcome: Pass | New subcategory 2: failed","0.737","0.533","0.429","0.978","","","","","","","","","","",""
"2","P/A","P/A 044","67:23","67:33","67:43","4043393","4063393","","","Outcome: Success | : throw-in","0.448","0.993","0.623","0.896","","","","","","","","","","",""
"2","P/A","P/A 045","67:27","67:37","67:47","4047613","4067613","","","Outcome: Success | : through pass","0.704","0.859","0.889","0.911","","","","","","","","","","",""
"2","Ground","Ground 015","67:34","67:40","67:44","4054313","4064313","#4 Paappanen E.","","New subcategory 1: Defensive | New subcategory 2: Success","0.931","0.733","","","","","","","","","","","","",""
"2","P/A","P/A 046","68:01","68:11","68:21","4081613","4101613","","",": corner  | Outcome: Failure","0.988","0.993","0.945","0.511","","","","","","","","","","",""
"2","extraction ","extraction  064","68:01","68:11","68:21","4081873","4101873","#30 Lehtinen Lassi","","Outcome: interception","0.950","0.519","","","","","","","","","","","","",""
"2","Pass","Pass 277","68:07","68:13","68:17","4087353","4097353","#30 Lehtinen Lassi","","Outcome: Through pass | New subcategory 2: success","0.898","0.348","0.770","0.252","","","","","","","","","","",""
"2","Pass","Pass 278","68:10","68:16","68:20","4090993","4100993","#9 Pinomaa A.","","Outcome: Pass | New subcategory 2: success","0.727","0.259","0.818","0.207","","","","","","","","","","",""
"2","Pass","Pass 279","68:14","68:20","68:24","4094293","4104293","#15 laine S.","","Outcome: Pass | New subcategory 2: success","0.803","0.222","0.908","0.341","","","","","","","","","","",""
"2","Pass","Pass 280","68:16","68:22","68:26","4096673","4106673","#30 Lehtinen Lassi","","New subcategory 2: success | Outcome: Pass","0.893","0.430","0.784","0.763","","","","","","","","","","",""
"2","Pass","Pass 281","68:26","68:32","68:36","4106313","4116313","#40 Puhakainen L.","","Outcome: Pass | New subcategory 2: success","0.690","0.822","0.306","0.933","","","","","","","","","","",""
"2","Ground","Ground 016","68:24","68:30","68:34","4104873","4114873","#9 Pinomaa A.","","New subcategory 1: Offensive | New subcategory 2: Success","0.230","0.889","","","","","","","","","","","","",""
"2","Pass","Pass 282","68:29","68:35","68:39","4109833","4119833","#9 Pinomaa A.","","Outcome: Through pass | New subcategory 2: success","0.258","0.941","0.097","0.941","","","","","","","","","","",""
"2","Miscontrol","Miscontrol 022","68:31","68:37","68:41","4111053","4121053","#29 Haapalainen R.","","","0.111","0.911","","","","","","","","","","","","",""
"2","counter pressing","counter pressing 014","68:38","68:48","68:58","4118113","4138113","#29 Haapalainen R.","","New subcategory 1: success","0.064","0.874","","","","","","","","","","","","",""
"2","extraction ","extraction  065","68:39","68:49","68:59","4119573","4139573","#8 O. Adawi","","Outcome: recovery","0.291","0.778","","","","","","","","","","","","",""
"2","Pass","Pass 283","68:44","68:50","68:54","4124393","4134393","#8 O. Adawi","","Outcome: Pass | New subcategory 2: success","0.273","0.711","0.235","0.370","","","","","","","","","","",""
"2","Pass","Pass 284","68:46","68:52","68:56","4126493","4136493","#37 Rajamäki N.","","Outcome: Through pass | New subcategory 2: success","0.239","0.341","0.083","0.311","","","","","","","","","","",""
"2","Shot","Shot 015","68:46","68:53","68:58","4126413","4138413","#15 laine S.","","New subcategory 1: on target  | New subcategory 2: open ","0.092","0.274","0.000","0.496","","","","","","","","","","",""
"2","Shot","Shot 016","68:50","68:57","69:02","4130553","4142553","#37 Rajamäki N.","","New subcategory 1: goal | New subcategory 2: open ","0.126","0.393","0.000","0.459","","","","","","","","","","",""
"2","Pass","Pass 285","69:59","70:05","70:09","4199373","4209373","#30 Lehtinen Lassi","","Outcome: Pass | New subcategory 2: success","0.884","0.370","0.429","0.119","","","","","","","","","","",""
"2","Miscontrol","Miscontrol 023","70:00","70:06","70:10","4200813","4210813","#37 Rajamäki N.","","","0.467","0.104","","","","","","","","","","","","",""
"2","Aerial","Aerial 022","70:00","70:06","70:10","4200813","4210813","#37 Rajamäki N.","","New subcategory 1: Offensive | New subcategory 2: Failure","0.476","0.089","","","","","","","","","","","","",""
"2","counter pressing","counter pressing 015","70:01","70:11","70:21","4201933","4221933","#24 Asikainen E.","","New subcategory 1: failure","0.547","0.459","","","","","","","","","","","","",""
"2","extraction ","extraction  066","70:07","70:17","70:27","4207993","4227993","#15 laine S.","","Outcome: interception","0.690","0.119","","","","","","","","","","","","",""
"2","P/A","P/A 047","70:22","70:32","70:42","4222673","4242673","","","Outcome: Success | : throw-in","0.737","0.015","0.855","0.119","","","","","","","","","","",""
"2","P/A","P/A 048","70:28","70:38","70:48","4228713","4248713","","","Outcome: Success | : pass","0.936","0.081","0.770","0.163","","","","","","","","","","",""
"2","P/A","P/A 049","70:29","70:39","70:49","4229593","4249593","","","Outcome: Success | : pass","0.784","0.141","0.784","0.333","","","","","","","","","","",""
"2","extraction ","extraction  067","70:33","70:43","70:53","4233873","4253873","#8 O. Adawi","","Outcome: interception","0.727","0.341","","","","","","","","","","","","",""
"2","P/A","P/A 050","70:36","70:46","70:56","4236413","4256413","","","Outcome: Success | : pass","0.685","0.252","0.789","0.281","","","","","","","","","","",""
"2","extraction ","extraction  068","70:40","70:50","71:00","4240273","4260273","#8 O. Adawi","","Outcome: interception","0.780","0.274","","","","","","","","","","","","",""
"2","Ground","Ground 017","70:44","70:50","70:54","4244533","4254533","#8 O. Adawi","","New subcategory 1: Defensive | New subcategory 2: Success","0.784","0.274","","","","","","","","","","","","",""
"2","Pass","Pass 286","70:44","70:50","70:54","4244313","4254313","#8 O. Adawi","","Outcome: Pass | New subcategory 2: success","0.775","0.274","0.789","0.119","","","","","","","","","","",""
"2","Pass","Pass 287","70:45","70:51","70:55","4245513","4255513","#15 laine S.","","Outcome: Pass | New subcategory 2: success","0.789","0.156","0.723","0.296","","","","","","","","","","",""
"2","Pass","Pass 288","70:46","70:52","70:56","4246653","4256653","#24 Asikainen E.","","Outcome: Pass | New subcategory 2: success","0.727","0.296","0.642","0.296","","","","","","","","","","",""
"2","Pass","Pass 289","70:49","70:55","70:59","4249593","4259593","#37 Rajamäki N.","","Outcome: Pass | New subcategory 2: success","0.628","0.244","0.680","0.096","","","","","","","","","","",""
"2","Pass","Pass 290","70:51","70:57","71:01","4251493","4261493","#15 laine S.","","Outcome: Pass | New subcategory 2: success","0.680","0.074","0.784","0.148","","","","","","","","","","",""
"2","Pass","Pass 291","70:54","71:00","71:04","4254973","4264973","#8 O. Adawi","","Outcome: Pass | New subcategory 2: failed","0.780","0.111","0.315","0.044","","","","","","","","","","",""
"2","Aerial","Aerial 023","70:56","71:02","71:06","4256593","4266593","#24 Asikainen E.","","New subcategory 1: Defensive | New subcategory 2: Success","0.652","0.259","","","","","","","","","","","","",""
"2","Pass","Pass 292","70:57","71:03","71:07","4257853","4267853","#24 Asikainen E.","","Outcome: Pass | New subcategory 2: success","0.571","0.244","0.457","0.252","","","","","","","","","","",""
"2","Pass","Pass 293","71:01","71:07","71:11","4261493","4271493","#37 Rajamäki N.","","New subcategory 2: success | Outcome: assist","0.405","0.207","0.225","0.178","","","","","","","","","","",""
"2","Progressive run","Progressive run 007","70:58","71:08","71:18","4258063","4278063","#15 laine S.","","","0.249","0.230","0.097","0.267","","","","","","","","","","",""
"2","Shot","Shot 017","71:02","71:09","71:14","4262113","4274113","#15 laine S.","","New subcategory 1: goal | New subcategory 2: open ","0.078","0.311","0.000","0.630","","","","","","","","","","",""
"2","pressing","pressing 059","71:49","71:59","72:09","4309468","4329468","#9 Pinomaa A.","","","0.509","0.326","0.462","0.348","","","","","","","","","","",""
"2","pressing","pressing 060","71:52","72:02","72:12","4312628","4332628","#10 Talvitie E.","","","0.500","0.637","0.438","0.615","","","","","","","","","","",""
"2","Aerial","Aerial 024","72:11","72:17","72:21","4331248","4341248","#19 Gebala M.","","New subcategory 1: Defensive | New subcategory 2: Success","0.415","0.881","","","","","","","","","","","","",""
"2","Pass","Pass 294","72:12","72:18","72:22","4332388","4342388","#19 Gebala M.","","Outcome: Pass | New subcategory 2: success","0.419","0.881","0.263","0.889","","","","","","","","","","",""
"2","Miscontrol","Miscontrol 024","72:14","72:20","72:24","4334328","4344328","#29 Haapalainen R.","","","0.273","0.889","","","","","","","","","","","","",""
"2","P/A","P/A 051","72:23","72:33","72:43","4343368","4363368","","","Outcome: Failure | : throw-in","0.453","0.985","0.633","0.919","","","","","","","","","","",""
"2","extraction ","extraction  069","72:24","72:34","72:44","4344288","4364288","#40 Puhakainen L.","","Outcome: interception","0.690","0.941","","","","","","","","","","","","",""
"2","Ground","Ground 018","72:28","72:34","72:38","4348648","4358648","#40 Puhakainen L.","","New subcategory 1: Defensive | New subcategory 2: Success","0.690","0.956","","","","","","","","","","","","",""
"2","P/A","P/A 052","72:45","72:55","73:05","4365408","4385408","","",": throw-in | Outcome: Failure","0.718","0.993","0.822","0.881","","","","","","","","","","",""
"2","extraction ","extraction  070","72:46","72:56","73:06","4366128","4386128","#24 Asikainen E.","","Outcome: clearance","0.893","0.874","","","","","","","","","","","","",""
"2","extraction ","extraction  071","72:50","73:00","73:10","4370268","4390268","#8 O. Adawi","","Outcome: clearance","0.827","0.852","","","","","","","","","","","","",""
"2","Pass","Pass 295","73:13","73:19","73:23","4393188","4403188","#8 O. Adawi","","Outcome: Free kick | New subcategory 2: success","0.723","0.933","0.808","0.793","","","","","","","","","","",""
"2","Pass","Pass 296","73:15","73:21","73:25","4395688","4405688","#40 Puhakainen L.","","Outcome: Pass | New subcategory 2: success","0.794","0.778","0.884","0.585","","","","","","","","","","",""
"2","Pass","Pass 297","73:20","73:26","73:30","4400028","4410028","#30 Lehtinen Lassi","","Outcome: progressive  | New subcategory 2: success","0.803","0.467","0.590","0.244","","","","","","","","","","",""
"2","Pass","Pass 298","73:24","73:30","73:34","4404248","4414248","#37 Rajamäki N.","","Outcome: Through pass | New subcategory 2: success","0.590","0.163","0.396","0.111","","","","","","","","","","",""
"2","Pass","Pass 299","73:26","73:32","73:36","4406728","4416728","#15 laine S.","","Outcome: Cross | New subcategory 2: success","0.220","0.074","0.107","0.422","","","","","","","","","","",""
"2","Miscontrol","Miscontrol 025","73:27","73:33","73:37","4407968","4417968","#9 Pinomaa A.","","","0.097","0.430","","","","","","","","","","","","",""
"2","Pass","Pass 300","73:47","73:53","73:57","4427108","4437108","#19 Gebala M.","","Outcome: Throw-in | New subcategory 2: success","0.201","0.993","0.201","0.837","","","","","","","","","","",""
"2","Pass","Pass 301","73:51","73:57","74:01","4431728","4441728","#10 Talvitie E.","","Outcome: Pass | New subcategory 2: success","0.230","0.970","0.329","0.911","","","","","","","","","","",""
"2","Pass","Pass 302","73:55","74:01","74:05","4435868","4445868","#24 Asikainen E.","","Outcome: Pass | New subcategory 2: failed","0.249","0.948","0.145","0.926","","","","","","","","","","",""
"2","extraction ","extraction  072","74:01","74:11","74:21","4441048","4461048","#4 Paappanen E.","","Outcome: recovery","0.746","0.763","","","","","","","","","","","","",""
"2","Pass","Pass 303","74:06","74:12","74:16","4446068","4456068","#4 Paappanen E.","","Outcome: Pass | New subcategory 2: success","0.727","0.785","0.851","0.689","","","","","","","","","","",""
"2","extraction ","extraction  073","74:06","74:16","74:26","4446528","4466528","#30 Lehtinen Lassi","","Outcome: clearance","0.855","0.674","","","","","","","","","","","","",""
"2","extraction ","extraction  074","74:08","74:18","74:28","4448048","4468048","#40 Puhakainen L.","","Outcome: clearance","0.723","0.719","","","","","","","","","","","","",""
"2","Aerial","Aerial 025","74:12","74:18","74:22","4452388","4462388","#8 O. Adawi","","New subcategory 1: Defensive | New subcategory 2: Failure","0.652","0.696","","","","","","","","","","","","",""
"2","Pass","Pass 304","74:28","74:34","74:38","4468488","4478488","#8 O. Adawi","","Outcome: Free kick | New subcategory 2: success","0.656","0.111","0.789","0.237","","","","","","","","","","",""
"2","Pass","Pass 305","74:36","74:42","74:46","4476568","4486568","#30 Lehtinen Lassi","","Outcome: Pass | New subcategory 2: success","0.784","0.370","0.709","0.163","","","","","","","","","","",""
"2","Pass","Pass 306","74:39","74:45","74:49","4479788","4489788","#4 Paappanen E.","","Outcome: Pass | New subcategory 2: success","0.699","0.163","0.732","0.378","","","","","","","","","","",""
"2","Pass","Pass 307","74:40","74:46","74:50","4480888","4490888","#8 O. Adawi","","Outcome: Pass | New subcategory 2: success","0.656","0.252","0.453","0.096","","","","","","","","","","",""
"2","Pass","Pass 308","74:46","74:52","74:56","4486428","4496428","#15 laine S.","","Outcome: Cross | New subcategory 2: success","0.344","0.104","0.230","0.526","","","","","","","","","","",""
"2","Pass","Pass 309","74:47","74:53","74:57","4487588","4497588","#29 Haapalainen R.","","Outcome: Pass | New subcategory 2: success","0.235","0.533","0.211","0.807","","","","","","","","","","",""
"2","Miscontrol","Miscontrol 026","74:51","74:57","75:01","4491648","4501648","#19 Gebala M.","","","0.154","0.763","","","","","","","","","","","","",""
"2","Dribble","Dribble 021","74:49","74:55","74:59","4489928","4499928","#19 Gebala M.","","New subcategory 1: Offensive | New subcategory 3: Failure","0.145","0.785","0.140","0.689","","","","","","","","","","",""
"2","extraction ","extraction  075","74:51","75:01","75:11","4491688","4511688","#8 O. Adawi","","Outcome: recovery","0.472","0.696","","","","","","","","","","","","",""
"2","Pass","Pass 310","74:56","75:02","75:06","4496768","4506768","#8 O. Adawi","","New subcategory 2: success | Outcome: Pass","0.467","0.756","0.623","0.681","","","","","","","","","","",""
"2","Pass","Pass 311","75:01","75:07","75:11","4501088","4511088","#30 Lehtinen Lassi","","Outcome: Pass | New subcategory 2: failed","0.618","0.681","0.348","0.956","","","","","","","","","","",""
"2","P/A","P/A 053","75:12","75:22","75:32","4512608","4532608","","","Outcome: Success | : throw-in","0.277","0.985","0.263","0.844","","","","","","","","","","",""
"2","pressing","pressing 061","75:19","75:29","75:39","4519768","4539768","#10 Talvitie E.","","","0.263","0.400","0.220","0.326","","","","","","","","","","",""
"2","pressing","pressing 062","75:24","75:34","75:44","4524188","4544188","#37 Rajamäki N.","","","0.310","0.074","0.277","0.081","","","","","","","","","","",""
"2","Pass","Pass 312","75:35","75:41","75:45","4535108","4545108","#15 laine S.","","Outcome: Throw-in | New subcategory 2: success","0.339","0.007","0.453","0.052","","","","","","","","","","",""
"2","Pass","Pass 313","75:39","75:45","75:49","4539808","4549808","#4 Paappanen E.","","Outcome: Pass | New subcategory 2: success","0.481","0.059","0.382","0.059","","","","","","","","","","",""
"2","Pass","Pass 314","75:40","75:46","75:50","4540268","4550268","#15 laine S.","","Outcome: Through pass | New subcategory 2: failed","0.339","0.059","0.107","0.126","","","","","","","","","","",""
"2","fouls","fouls 009","75:42","75:50","75:56","4542768","4556768","#37 Rajamäki N.","","New subcategory 1: offside | New subcategory 2: no card","0.145","0.126","","","","","","","","","","","","",""
"2","P/A","P/A 054","75:55","76:05","76:15","4555808","4575808","","",": free kick | Outcome: Success","0.097","0.267","0.040","0.467","","","","","","","","","","",""
"2","pressing","pressing 063","75:58","76:08","76:18","4558928","4578928","#10 Talvitie E.","","","0.296","0.296","0.230","0.289","","","","","","","","","","",""
"2","pressing","pressing 064","76:04","76:14","76:24","4564208","4584208","#9 Pinomaa A.","","","0.239","0.481","0.239","0.407","","","","","","","","","","",""
"2","Pass","Pass 315","76:25","76:31","76:35","4585128","4595128","#19 Gebala M.","","Outcome: Throw-in | New subcategory 2: success","0.254","0.978","0.263","0.889","","","","","","","","","","",""
"2","Miscontrol","Miscontrol 027","76:27","76:33","76:37","4587808","4597808","#29 Haapalainen R.","","","0.263","0.859","","","","","","","","","","","","",""
"2","P/A","P/A 055","76:31","76:41","76:51","4591568","4611568","","","Outcome: Failure | : pass","0.382","0.304","0.671","0.126","","","","","","","","","","",""
"2","Pass","Pass 316","76:53","76:59","77:03","4613928","4623928","#15 laine S.","","Outcome: Throw-in | New subcategory 2: success","0.704","0.007","0.595","0.052","","","","","","","","","","",""
"2","Miscontrol","Miscontrol 028","77:01","77:07","77:11","4621488","4631488","#37 Rajamäki N.","","","0.604","0.081","","","","","","","","","","","","",""
"2","fouls","fouls 010","76:59","77:07","77:13","4619888","4633888","#37 Rajamäki N.","","New subcategory 1: Free kick | New subcategory 2: no card","0.590","0.096","","","","","","","","","","","","",""
"2","P/A","P/A 056","77:24","77:34","77:44","4644688","4664688","","","Outcome: Failure | : free kick","0.727","0.185","0.898","0.563","","","","","","","","","","",""
"2","Aerial","Aerial 026","77:29","77:35","77:39","4649508","4659508","#40 Puhakainen L.","","New subcategory 1: Defensive | New subcategory 2: Success","0.874","0.393","","","","","","","","","","","","",""
"2","fouls","fouls 011","77:35","77:43","77:49","4655068","4669068","","","New subcategory 1: offside | New subcategory 2: no card","0.884","0.511","","","","","","","","","","","","",""
"2","Pass","Pass 317","77:42","77:48","77:52","4662888","4672888","#30 Lehtinen Lassi","","Outcome: Free kick | New subcategory 2: failed","0.870","0.504","0.467","0.948","","","","","","","","","","",""
"2","P/A","P/A 057","77:52","78:02","78:12","4672628","4692628","","",": throw-in | Outcome: Success","0.429","0.970","0.600","0.911","","","","","","","","","","",""
"2","counter pressing","counter pressing 016","77:54","78:04","78:14","4674648","4694648","#29 Haapalainen R.","","New subcategory 1: success","0.486","0.956","","","","","","","","","","","","",""
"2","Pass","Pass 318","78:00","78:06","78:10","4680828","4690828","#29 Haapalainen R.","","Outcome: Pass | New subcategory 2: success","0.472","0.800","0.481","0.496","","","","","","","","","","",""
"2","Pass","Pass 319","78:04","78:10","78:14","4684728","4694728","#37 Rajamäki N.","","Outcome: Pass | New subcategory 2: success","0.476","0.615","0.419","0.874","","","","","","","","","","",""
"2","Pass","Pass 320","78:08","78:14","78:18","4688708","4698708","#19 Gebala M.","","Outcome: Pass | New subcategory 2: success","0.448","0.874","0.642","0.844","","","","","","","","","","",""
"2","Pass","Pass 321","78:11","78:17","78:21","4691948","4701948","#40 Puhakainen L.","","Outcome: Pass | New subcategory 2: success","0.671","0.844","0.737","0.644","","","","","","","","","","",""
"2","Pass","Pass 322","78:15","78:21","78:25","4695568","4705568","#30 Lehtinen Lassi","","Outcome: Pass | New subcategory 2: success","0.751","0.659","0.609","0.667","","","","","","","","","","",""
"2","Pass","Pass 323","78:18","78:24","78:28","4698348","4708348","#8 O. Adawi","","Outcome: Pass | New subcategory 2: success","0.571","0.696","0.367","0.763","","","","","","","","","","",""
"2","Pass","Pass 324","78:20","78:26","78:30","4700348","4710348","#19 Gebala M.","","Outcome: Through pass | New subcategory 2: success","0.363","0.867","0.344","0.748","","","","","","","","","","",""
"2","Progressive run","Progressive run 008","78:18","78:28","78:38","4698288","4718288","#29 Haapalainen R.","","","0.306","0.800","0.135","0.726","","","","","","","","","","",""
"2","Dribble","Dribble 022","78:25","78:31","78:35","4705068","4715068","#29 Haapalainen R.","","New subcategory 1: Offensive | New subcategory 3: Success","0.149","0.733","0.149","0.659","","","","","","","","","","",""
"2","Shot","Shot 018","78:24","78:31","78:36","4704728","4716728","#29 Haapalainen R.","","New subcategory 1: Off target | New subcategory 2: open ","0.140","0.711","0.111","0.607","","","","","","","","","","",""
"2","Pass","Pass 325","78:59","79:05","79:09","4739258","4749258","#10 Talvitie E.","","Outcome: Corner | New subcategory 2: success","0.002","0.978","0.055","0.600","","","","","","","","","","",""
"2","Shot","Shot 019","78:58","79:05","79:10","4738433","4750433","#4 Paappanen E.","","New subcategory 1: on target  | New subcategory 2: open ","0.059","0.644","0.017","0.504","","","","","","","","","","",""
"2","Pass","Pass 326","79:02","79:08","79:12","4742633","4752633","#15 laine S.","","Outcome: Cross | New subcategory 2: failed","0.045","0.267","0.069","0.541","","","","","","","","","","",""
"2","counter pressing","counter pressing 017","79:03","79:13","79:23","4743432","4763432","#8 O. Adawi","","New subcategory 1: success","0.287","0.726","","","","","","","","","","","","",""
"2","Pass","Pass 327","79:10","79:16","79:20","4750545","4760545","#19 Gebala M.","","Outcome: Pass | New subcategory 2: success","0.367","0.696","0.372","0.385","","","","","","","","","","",""
"2","Pass","Pass 328","79:13","79:19","79:23","4753582","4763582","#37 Rajamäki N.","","Outcome: Pass | New subcategory 2: success","0.358","0.378","0.268","0.119","","","","","","","","","","",""
"2","Progressive run","Progressive run 009","79:13","79:23","79:33","4753644","4773644","#9 Pinomaa A.","","","0.244","0.074","0.055","0.274","","","","","","","","","","",""
"2","Dribble","Dribble 023","79:19","79:25","79:29","4759124","4769124","#9 Pinomaa A.","","New subcategory 1: Offensive | New subcategory 3: Success","0.168","0.215","0.121","0.222","","","","","","","","","","",""
"2","Dribble","Dribble 024","79:19","79:25","79:29","4759124","4769124","#9 Pinomaa A.","","New subcategory 1: Offensive | New subcategory 3: Success","0.111","0.215","0.073","0.252","","","","","","","","","","",""
"2","Miscontrol","Miscontrol 029","79:21","79:27","79:31","4761404","4771404","#9 Pinomaa A.","","","0.064","0.267","","","","","","","","","","","","",""
"2","Pass","Pass 329","80:17","80:23","80:27","4817564","4827564","#10 Talvitie E.","","Outcome: Corner | New subcategory 2: failed","0.012","0.000","0.040","0.400","","","","","","","","","","",""
"2","Aerial","Aerial 027","80:21","80:27","80:31","4821224","4831224","#15 laine S.","","New subcategory 1: Defensive | New subcategory 2: Success","0.462","0.259","","","","","","","","","","","","",""
"2","Pass","Pass 330","80:35","80:41","80:45","4835844","4845844","#15 laine S.","","","0.694","0.156","0.813","0.348","","","","","","","","","","",""
"2","P/A","P/A 058","80:22","80:32","80:42","4822504","4842504","","","","0.424","0.022","0.628","0.067","","","","","","","","","","",""
"2","extraction ","extraction  076","80:24","80:34","80:44","4824224","4844224","#8 O. Adawi","","Outcome: interception","0.462","0.259","","","","","","","","","","","","",""
"2","Pass","Pass 331","80:29","80:35","80:39","4829024","4839024","#8 O. Adawi","","Outcome: Pass | New subcategory 2: success","0.472","0.244","0.614","0.185","","","","","","","","","","",""
"2","Pass","Pass 332","80:38","80:44","80:48","4838744","4848744","#30 Lehtinen Lassi","","Outcome: Pass | New subcategory 2: failed","0.775","0.459","0.410","0.541","","","","","","","","","","",""
"2","extraction ","extraction  077","80:37","80:47","80:57","4837144","4857144","#29 Haapalainen R.","","Outcome: interception","0.353","0.844","","","","","","","","","","","","",""
"2","Pass","Pass 333","80:43","80:49","80:53","4843664","4853664","#29 Haapalainen R.","","Outcome: Through pass | New subcategory 2: success","0.344","0.844","0.254","0.963","","","","","","","","","","",""
"2","Pass","Pass 334","80:47","80:53","80:57","4847024","4857024","#19 Gebala M.","","Outcome: Cross | New subcategory 2: failed","0.249","0.933","0.073","0.607","","","","","","","","","","",""
"2","P/A","P/A 059","80:57","81:07","81:17","4857384","4877384","","","Outcome: Success | : pass","0.282","0.652","0.600","0.141","","","","","","","","","","",""
"2","Ground","Ground 019","81:05","81:11","81:15","4865104","4875104","#15 laine S.","","New subcategory 1: Defensive | New subcategory 2: Success","0.609","0.126","","","","","","","","","","","","",""
"2","Pass","Pass 335","81:06","81:12","81:16","4866664","4876664","#15 laine S.","","Outcome: Pass | New subcategory 2: success","0.637","0.170","0.576","0.311","","","","","","","","","","",""
"2","fouls","fouls 012","81:06","81:14","81:20","4866984","4880984","#15 laine S.","","New subcategory 1: Free kick | New subcategory 2: no card","0.633","0.200","","","","","","","","","","","","",""
"2","Substitution","PlayersSubstitution","81:42","81:42","81:42","4902204","4902204","","EPS","","","","","","","","","","","","","","","",""
"2","Aerial","Aerial 028","81:56","82:02","82:06","4916744","4926744","#24 Asikainen E.","","New subcategory 1: Defensive | New subcategory 2: Success","0.855","0.326","","","","","","","","","","","","",""
"2","extraction ","extraction  078","82:02","82:12","82:22","4922304","4942304","#24 Asikainen E.","","Outcome: clearance","0.884","0.081","","","","","","","","","","","","",""
"2","P/A","P/A 060","81:49","81:59","82:09","4909164","4929164","","",": free kick | Outcome: Success","0.642","0.222","0.694","0.059","","","","","","","","","","",""
"2","P/A","P/A 061","81:51","82:01","82:11","4911924","4931924","","",": cross | Outcome: Failure","0.666","0.126","0.870","0.385","","","","","","","","","","",""
"2","P/A","P/A 062","82:07","82:17","82:27","4927144","4947144","","","Outcome: Success | : cross","0.704","0.244","0.841","0.630","","","","","","","","","","",""
"2","Aerial","Aerial 029","82:11","82:17","82:21","4931564","4941564","#40 Puhakainen L.","","New subcategory 1: Defensive | New subcategory 2: Failure","0.818","0.585","","","","","","","","","","","","",""
"2","P/A","P/A 063","82:08","82:18","82:28","4928744","4948744","","","Outcome: Failure | : through pass","0.827","0.607","0.931","0.393","","","","","","","","","","",""
"2","extraction ","extraction  079","82:15","82:25","82:35","4935124","4955124","#30 Lehtinen Lassi","","Outcome: interception","0.941","0.385","","","","","","","","","","","","",""
"2","P/A","P/A 064","82:39","82:49","82:59","4959344","4979344","","","Outcome: Failure | : corner ","0.988","0.007","0.945","0.422","","","","","","","","","","",""
"2","extraction ","extraction  080","82:40","82:50","83:00","4960264","4980264","#9 Pinomaa A.","","Outcome: clearance","0.936","0.363","","","","","","","","","","","","",""
"2","fouls","fouls 013","82:52","83:00","83:06","4972444","4986444","#21 Ljunglin M.","","New subcategory 1: Free kick | New subcategory 2: no card","0.600","0.681","","","","","","","","","","","","",""
"2","P/A","P/A 065","82:54","83:04","83:14","4974984","4994984","","","Outcome: Success | : free kick","0.585","0.674","0.799","0.341","","","","","","","","","","",""
"2","P/A","P/A 066","82:58","83:08","83:18","4978044","4998044","","",": cross | Outcome: Failure","0.808","0.341","0.874","0.600","","","","","","","","","","",""
"2","extraction ","extraction  081","82:59","83:09","83:19","4979184","4999184","#30 Lehtinen Lassi","","Outcome: recovery","0.931","0.681","","","","","","","","","","","","",""
"2","Pass","Pass 336","83:11","83:17","83:21","4991584","5001584","#30 Lehtinen Lassi","","Outcome: Pass | New subcategory 2: success","0.874","0.481","0.775","0.163","","","","","","","","","","",""
"2","Pass","Pass 337","83:12","83:18","83:22","4992204","5002204","#15 laine S.","","Outcome: Pass | New subcategory 2: success","0.775","0.096","0.813","0.281","","","","","","","","","","",""
"2","Pass","Pass 338","83:19","83:25","83:29","4999924","5009924","#4 Paappanen E.","","Outcome: Pass | New subcategory 2: success","0.723","0.244","0.661","0.081","","","","","","","","","","",""
"2","Pass","Pass 339","83:23","83:29","83:33","5003004","5013004","#15 laine S.","","Outcome: progressive  | New subcategory 2: success","0.623","0.111","0.438","0.193","","","","","","","","","","",""
"2","Pass","Pass 340","83:28","83:34","83:38","5008524","5018524","#10 Talvitie E.","","Outcome: Pass | New subcategory 2: success","0.410","0.193","0.609","0.193","","","","","","","","","","",""
"2","Pass","Pass 341","83:38","83:44","83:48","5018964","5028964","#4 Paappanen E.","","Outcome: Throw-in | New subcategory 2: success","0.685","0.237","0.282","0.141","","","","","","","","","","",""
"2","Pass","Pass 342","83:42","83:48","83:52","5022444","5032444","#37 Rajamäki N.","","Outcome: Through pass | New subcategory 2: success","0.216","0.081","0.197","0.289","","","","","","","","","","",""
"2","Pass","Pass 343","83:45","83:51","83:55","5025084","5035084","#21 Ljunglin M.","","Outcome: Cross | New subcategory 2: success","0.069","0.244","0.092","0.481","","","","","","","","","","",""
"2","Shot","Shot 020","83:45","83:52","83:57","5025544","5037544","#10 Talvitie E.","","New subcategory 1: Off target | New subcategory 2: open ","0.107","0.363","0.000","0.363","","","","","","","","","","",""
"2","P/A","P/A 067","84:00","84:10","84:20","5040864","5060864","","",": goal kick | Outcome: Success","0.055","0.481","0.107","0.741","","","","","","","","","","",""
"2","extraction ","extraction  082","84:11","84:21","84:31","5051224","5071224","#4 Paappanen E.","","Outcome: clearance","0.557","0.719","","","","","","","","","","","","",""
"2","Pass","Pass 344","84:18","84:24","84:28","5058404","5068404","#24 Asikainen E.","","Outcome: Pass | New subcategory 2: success","0.438","0.667","0.296","0.741","","","","","","","","","","",""
"2","Pass","Pass 345","84:20","84:26","84:30","5060144","5070144","#29 Haapalainen R.","","Outcome: Pass | New subcategory 2: success","0.301","0.756","0.467","0.807","","","","","","","","","","",""
"2","Pass","Pass 346","84:23","84:29","84:33","5063484","5073484","#40 Puhakainen L.","","Outcome: Pass | New subcategory 2: success","0.524","0.830","0.581","0.637","","","","","","","","","","",""
"2","Miscontrol","Miscontrol 030","84:28","84:34","84:38","5068684","5078684","#4 Paappanen E.","","","0.467","0.681","","","","","","","","","","","","",""
"2","P/A","P/A 068","84:38","84:48","84:58","5078824","5098824","","","Outcome: Failure | : throw-in","0.429","0.985","0.571","0.896","","","","","","","","","","",""
"2","extraction ","extraction  083","84:48","84:58","85:08","5088384","5108384","#21 Ljunglin M.","","Outcome: interception","0.614","0.267","","","","","","","","","","","","",""
"2","Pass","Pass 347","84:54","85:00","85:04","5094864","5104864","#21 Ljunglin M.","","Outcome: Pass | New subcategory 2: success","0.647","0.356","0.799","0.363","","","","","","","","","","",""
"2","Pass","Pass 348","84:57","85:03","85:07","5097044","5107044","#30 Lehtinen Lassi","","Outcome: progressive  | New subcategory 2: success","0.822","0.378","0.595","0.156","","","","","","","","","","",""
"2","Ground","Ground 020","85:02","85:08","85:12","5102924","5112924","#37 Rajamäki N.","","New subcategory 1: Offensive | New subcategory 2: Failure","0.604","0.141","","","","","","","","","","","","",""
"2","Pass","Pass 349","86:04","86:10","86:14","5164664","5174664","#4 Paappanen E.","","Outcome: Free kick | New subcategory 2: success","0.585","0.170","0.680","0.281","","","","","","","","","","",""
"2","Pass","Pass 350","86:09","86:15","86:19","5169324","5179324","#30 Lehtinen Lassi","","Outcome: Pass | New subcategory 2: success","0.699","0.259","0.315","0.074","","","","","","","","","","",""
"2","Miscontrol","Miscontrol 031","86:11","86:17","86:21","5171384","5181384","#37 Rajamäki N.","","","0.353","0.022","","","","","","","","","","","","",""
"2","P/A","P/A 069","86:10","86:20","86:30","5170324","5190324","","","Outcome: Failure | : throw-in","0.419","0.007","0.576","0.059","","","","","","","","","","",""
"2","extraction ","extraction  084","86:11","86:21","86:31","5171904","5191904","#4 Paappanen E.","","Outcome: clearance","0.595","0.081","","","","","","","","","","","","",""
"2","P/A","P/A 070","86:21","86:31","86:41","5181544","5201544","","","Outcome: Success | : throw-in","0.614","0.022","0.618","0.267","","","","","","","","","","",""
"2","extraction ","extraction  085","86:26","86:36","86:46","5186184","5206184","#30 Lehtinen Lassi","","Outcome: recovery","0.884","0.615","","","","","","","","","","","","",""
"2","P/A","P/A 071","86:26","86:36","86:46","5186664","5206664","","",": cross | Outcome: Failure","0.661","0.200","0.893","0.667","","","","","","","","","","",""
"2","Pass","Pass 351","86:40","86:46","86:50","5200684","5210684","#30 Lehtinen Lassi","","Outcome: Pass | New subcategory 2: success","0.865","0.474","0.789","0.252","","","","","","","","","","",""
"2","Dribble","Dribble 025","86:42","86:48","86:52","5202924","5212924","#4 Paappanen E.","","New subcategory 1: Offensive | New subcategory 3: Failure","0.756","0.215","0.713","0.215","","","","","","","","","","",""
"2","P/A","P/A 072","86:41","86:51","87:01","5201444","5221444","","","Outcome: Failure | : pass","0.694","0.193","0.936","0.148","","","","","","","","","","",""
"2","pressing","pressing 065","86:43","86:53","87:03","5203524","5223524","#40 Puhakainen L.","","","0.836","0.474","0.846","0.378","","","","","","","","","","",""
"2","Pass","Pass 352","87:04","87:10","87:14","5224584","5234584","#40 Puhakainen L.","","Outcome: goal kick | New subcategory 2: success","0.945","0.607","0.979","0.489","","","","","","","","","","",""
"2","Pass","Pass 353","87:09","87:15","87:19","5229404","5239404","#30 Lehtinen Lassi","","Outcome: progressive  | New subcategory 2: success","0.931","0.415","0.547","0.133","","","","","","","","","","",""
"2","Miscontrol","Miscontrol 032","87:13","87:19","87:23","5233064","5243064","#10 Talvitie E.","","","0.590","0.067","","","","","","","","","","","","",""
"2","Pass","Pass 354","87:23","87:29","87:33","5243984","5253984","#15 laine S.","","Outcome: Throw-in | New subcategory 2: success","0.609","0.030","0.538","0.163","","","","","","","","","","",""
"2","Pass","Pass 355","87:27","87:33","87:37","5247244","5257244","#9 Pinomaa A.","","Outcome: Pass | New subcategory 2: success","0.547","0.067","0.633","0.030","","","","","","","","","","",""
"2","Pass","Pass 356","88:02","88:08","88:12","5282884","5292884","#24 Asikainen E.","","Outcome: Free kick | New subcategory 2: success","0.661","0.119","0.808","0.370","","","","","","","","","","",""
"2","Pass","Pass 357","88:08","88:14","88:18","5288384","5298384","#30 Lehtinen Lassi","","Outcome: Pass | New subcategory 2: success","0.832","0.452","0.552","0.785","","","","","","","","","","",""
"2","Pass","Pass 358","88:09","88:15","88:19","5289264","5299264","#21 Ljunglin M.","","Outcome: Pass | New subcategory 2: success","0.552","0.763","0.690","0.763","","","","","","","","","","",""
"2","Pass","Pass 359","88:10","88:16","88:20","5290744","5300744","#40 Puhakainen L.","","Outcome: Pass | New subcategory 2: success","0.713","0.748","0.609","0.956","","","","","","","","","","",""
"2","Miscontrol","Miscontrol 033","88:12","88:18","88:22","5292264","5302264","#19 Gebala M.","","","0.647","0.948","","","","","","","","","","","","",""
"2","P/A","P/A 073","88:13","88:23","88:33","5293424","5313424","","","Outcome: Success | : throw-in","0.557","0.978","0.623","0.867","","","","","","","","","","",""
"2","Ground","Ground 021","88:24","88:30","88:34","5304224","5314224","#40 Puhakainen L.","","New subcategory 1: Defensive | New subcategory 2: Success","0.685","0.941","","","","","","","","","","","","",""
"2","P/A","P/A 074","88:28","88:38","88:48","5308904","5328904","","",": throw-in | Outcome: Success","0.718","0.985","0.609","0.941","","","","","","","","","","",""
"2","P/A","P/A 075","88:33","88:43","88:53","5313624","5333624","","",": pass | Outcome: Success","0.547","0.874","0.656","0.170","","","","","","","","","","",""
"2","P/A","P/A 076","88:36","88:46","88:56","5316304","5336304","","","Outcome: Success | : pass","0.628","0.237","0.742","0.333","","","","","","","","","","",""
"2","P/A","P/A 077","88:37","88:47","88:57","5317024","5337024","","",": through pass | Outcome: Success","0.784","0.385","0.874","0.319","","","","","","","","","","",""
"2","Ground","Ground 022","88:43","88:49","88:53","5323044","5333044","#15 laine S.","","New subcategory 1: Defensive | New subcategory 2: Failure","0.855","0.296","","","","","","","","","","","","",""
"2","Ground","Ground 023","88:45","88:51","88:55","5325484","5335484","#4 Paappanen E.","","New subcategory 1: Defensive | New subcategory 2: Success","0.889","0.289","","","","","","","","","","","","",""
"2","Miscontrol","Miscontrol 034","88:48","88:54","88:58","5328524","5338524","#4 Paappanen E.","","","0.922","0.193","","","","","","","","","","","","",""
"2","P/A","P/A 078","88:46","88:56","89:06","5326784","5346784","","","Outcome: Success | : pass","0.945","0.119","0.822","0.081","","","","","","","","","","",""
"2","P/A","P/A 079","88:46","88:56","89:06","5326784","5346784","","","Outcome: Failure | : cross","0.813","0.059","0.908","0.556","","","","","","","","","","",""
"2","Aerial","Aerial 030","88:52","88:58","89:02","5332804","5342804","#40 Puhakainen L.","","New subcategory 1: Defensive | New subcategory 2: Success","0.879","0.563","","","","","","","","","","","","",""
"2","extraction ","extraction  086","88:52","89:02","89:12","5332444","5352444","#15 laine S.","","Outcome: clearance","0.789","0.319","","","","","","","","","","","","",""
"2","Pass","Pass 360","89:00","89:06","89:10","5340624","5350624","#29 Haapalainen R.","","Outcome: Pass | New subcategory 2: success","0.590","0.933","0.746","0.896","","","","","","","","","","",""
"2","extraction ","extraction  087","89:01","89:11","89:21","5341224","5361224","#24 Asikainen E.","","Outcome: clearance","0.756","0.844","","","","","","","","","","","","",""
"2","pressing","pressing 066","89:03","89:13","89:23","5343664","5363664","#9 Pinomaa A.","","","0.363","0.467","0.320","0.459","","","","","","","","","","",""
"2","extraction ","extraction  088","89:05","89:15","89:25","5345184","5365184","#9 Pinomaa A.","","Outcome: interception","0.310","0.430","","","","","","","","","","","","",""
"2","counter pressing","counter pressing 018","89:06","89:16","89:26","5346104","5366104","#9 Pinomaa A.","","New subcategory 1: success","0.310","0.459","","","","","","","","","","","","",""
"2","Pass","Pass 361","89:10","89:16","89:20","5350884","5360884","#9 Pinomaa A.","","Outcome: Through pass | New subcategory 2: success","0.310","0.437","0.197","0.274","","","","","","","","","","",""
"2","Pass","Pass 362","89:14","89:20","89:24","5354904","5364904","#37 Rajamäki N.","","Outcome: Cross | New subcategory 2: success","0.116","0.222","0.211","0.563","","","","","","","","","","",""
"2","Shot","Shot 021","89:15","89:22","89:27","5355644","5367644","#24 Asikainen E.","","New subcategory 1: Off target | New subcategory 2: open ","0.244","0.504","0.126","0.474","","","","","","","","","","",""
"2","extraction ","extraction  089","89:14","89:24","89:34","5354904","5374904","#24 Asikainen E.","","Outcome: interception","0.159","0.585","","","","","","","","","","","","",""
"2","Shot","Shot 022","89:18","89:25","89:30","5358704","5370704","#24 Asikainen E.","","New subcategory 1: goal | New subcategory 2: open ","0.168","0.578","0.000","0.444","","","","","","","","","","",""
"2","pressing","pressing 067","90:01","90:11","90:21","5401024","5421024","#9 Pinomaa A.","","","0.500","0.356","0.415","0.341","","","","","","","","","","",""
"2","extraction ","extraction  090","90:06","90:16","90:26","5406944","5426944","#4 Paappanen E.","","Outcome: clearance","0.751","0.356","","","","","","","","","","","","",""
"2","pressing","pressing 068","90:12","90:22","90:32","5412984","5432984","#10 Talvitie E.","","","0.434","0.385","0.405","0.385","","","","","","","","","","",""
"2","pressing","pressing 069","90:21","90:31","90:41","5421944","5441944","#40 Puhakainen L.","","","0.604","0.748","0.656","0.793","","","","","","","","","","",""
"2","Pass","Pass 363","90:42","90:48","90:52","5442044","5452044","#19 Gebala M.","","Outcome: Throw-in | New subcategory 2: success","0.709","0.978","0.604","0.948","","","","","","","","","","",""
"2","Aerial","Aerial 031","90:43","90:49","90:53","5443124","5453124","#29 Haapalainen R.","","New subcategory 1: Defensive | New subcategory 2: Success","0.614","0.941","","","","","","","","","","","","",""
"2","extraction ","extraction  091","90:46","90:56","91:06","5446704","5466704","#29 Haapalainen R.","","Outcome: interception","0.239","0.926","","","","","","","","","","","","",""
"2","pressing","pressing 070","90:46","90:56","91:06","5446384","5466384","#29 Haapalainen R.","","","0.429","0.911","0.377","0.896","","","","","","","","","","",""
"2","Pass","Pass 364","90:52","90:58","91:02","5452484","5462484","#29 Haapalainen R.","","Outcome: Through pass | New subcategory 2: success","0.348","0.881","0.258","0.785","","","","","","","","","","",""
"2","Progressive run","Progressive run 010","90:52","91:02","91:12","5452064","5472064","#9 Pinomaa A.","","","0.320","0.852","0.121","0.778","","","","","","","","","","",""
"2","Pass","Pass 365","90:57","91:03","91:07","5457264","5467264","#9 Pinomaa A.","","Outcome: Cross | New subcategory 2: success","0.154","0.807","0.182","0.622","","","","","","","","","","",""
"2","Dribble","Dribble 026","90:59","91:05","91:09","5459804","5469804","#10 Talvitie E.","","New subcategory 1: Offensive | New subcategory 3: Failure","0.164","0.630","0.130","0.630","","","","","","","","","","",""
"2","extraction ","extraction  092","91:06","91:16","91:26","5466404","5486404","#30 Lehtinen Lassi","","Outcome: recovery","0.855","0.563","","","","","","","","","","","","",""
"2","Pass","Pass 366","91:16","91:22","91:26","5476964","5486964","#24 Asikainen E.","","Outcome: Pass | New subcategory 2: success","0.893","0.481","0.699","0.437","","","","","","","","","","",""
"2","Pass","Pass 367","91:17","91:23","91:27","5477764","5487764","#24 Asikainen E.","","Outcome: Pass | New subcategory 2: success","0.690","0.437","0.656","0.163","","","","","","","","","","",""
"2","Miscontrol","Miscontrol 035","91:19","91:25","91:29","5479924","5489924","#15 laine S.","","","0.661","0.222","","","","","","","","","","","","",""
"2","P/A","P/A 080","91:25","91:35","91:45","5485464","5505464","","","Outcome: Success | : pass","0.642","0.259","0.818","0.963","","","","","","","","","","",""
"2","pressing","pressing 071","91:29","91:39","91:49","5489344","5509344","#29 Haapalainen R.","","","0.623","0.807","0.666","0.881","","","","","","","","","","",""
"2","extraction ","extraction  093","91:30","91:40","91:50","5490284","5510284","#29 Haapalainen R.","","Outcome: interception","0.680","0.919","","","","","","","","","","","","",""
"2","Pass","Pass 368","91:35","91:41","91:45","5495724","5505724","#29 Haapalainen R.","","Outcome: Pass | New subcategory 2: success","0.723","0.941","0.775","0.874","","","","","","","","","","",""
"2","Pass","Pass 369","91:37","91:43","91:47","5497964","5507964","#19 Gebala M.","","Outcome: Pass | New subcategory 2: success","0.836","0.837","0.723","0.844","","","","","","","","","","",""
"2","Pass","Pass 370","91:38","91:44","91:48","5498384","5508384","#21 Ljunglin M.","","Outcome: Pass | New subcategory 2: success","0.737","0.859","0.746","0.948","","","","","","","","","","",""
"2","Miscontrol","Miscontrol 036","91:40","91:46","91:50","5500384","5510384","#29 Haapalainen R.","","","0.765","0.963","","","","","","","","","","","","",""
"2","Ground","Ground 024","91:48","91:54","91:58","5508464","5518464","#19 Gebala M.","","New subcategory 1: Defensive | New subcategory 2: Success","0.983","0.896","","","","","","","","","","","","",""
"2","Pass","Pass 371","92:02","92:08","92:12","5522104","5532104","#40 Puhakainen L.","","New subcategory 2: success | Outcome: goal kick","0.941","0.607","0.960","0.467","","","","","","","","","","",""
"2","Pass","Pass 372","92:05","92:11","92:15","5525644","5535644","#30 Lehtinen Lassi","","Outcome: Pass | New subcategory 2: success","0.945","0.511","0.827","0.600","","","","","","","","","","",""
"2","Pass","Pass 373","92:06","92:12","92:16","5526384","5536384","#24 Asikainen E.","","Outcome: Pass | New subcategory 2: success","0.836","0.615","0.931","0.696","","","","","","","","","","",""
"2","Pass","Pass 374","92:12","92:18","92:22","5532764","5542764","#40 Puhakainen L.","","Outcome: Pass | New subcategory 2: failed","0.889","0.696","0.453","0.681","","","","","","","","","","",""
"2","pressing","pressing 072","92:11","92:21","92:31","5531924","5551924","#9 Pinomaa A.","","","0.363","0.526","0.282","0.511","","","","","","","","","","",""
"2","pressing","pressing 073","92:16","92:26","92:36","5536824","5556824","#37 Rajamäki N.","","","0.301","0.230","0.258","0.156","","","","","","","","","","",""
"2","Substitution","PlayersSubstitution","92:51","92:51","92:51","5571264","5571264","","EPS","","","","","","","","","","","","","","","",""
"2","Pass","Pass 375","93:49","93:55","93:59","5629004","5639004","#37 Rajamäki N.","","Outcome: Throw-in | New subcategory 2: failed","0.097","0.000","0.069","0.215","","","","","","","","","","",""
"2","Aerial","Aerial 032","93:49","93:55","93:59","5629344","5639344","#9 Pinomaa A.","","New subcategory 1: Offensive | New subcategory 2: Failure","0.059","0.222","","","","","","","","","","","","",""
"2","extraction ","extraction  094","93:57","94:07","94:17","5637044","5657044","#4 Paappanen E.","","Outcome: clearance","0.519","0.126","","","","","","","","","","","","",""
"2","Pass","Pass 376","96:14","96:20","96:24","5774964","5784964","#15 laine S.","","Outcome: Throw-in | New subcategory 2: success","0.600","0.015","0.348","0.030","","","","","","","","","","",""
"2","Pass","Pass 377","96:37","96:43","96:47","5797744","5807744","#15 laine S.","","Outcome: Free kick | New subcategory 2: success","0.438","0.015","0.415","0.230","","","","","","","","","","",""
"2","Pass","Pass 378","96:37","96:43","96:47","5797744","5807744","#21 Ljunglin M.","","Outcome: Pass | New subcategory 2: success","0.396","0.230","0.419","0.059","","","","","","","","","","",""
"2","Pass","Pass 379","96:38","96:44","96:48","5798304","5808304","#15 laine S.","","Outcome: Pass | New subcategory 2: success","0.438","0.104","0.282","0.141","","","","","","","","","","",""
"2","Pass","Pass 380","96:40","96:46","96:50","5800284","5810284","#9 Pinomaa A.","","Outcome: Pass | New subcategory 2: success","0.310","0.156","0.244","0.096","","","","","","","","","","",""
"2","Pass","Pass 381","96:42","96:48","96:52","5802264","5812264","#37 Rajamäki N.","","Outcome: Through pass | New subcategory 2: success","0.268","0.133","0.168","0.304","","","","","","","","","","",""
"2","Progressive run","Progressive run 011","96:41","96:51","97:01","5801424","5821424","#10 Talvitie E.","","","0.164","0.304","0.050","0.385","","","","","","","","","","",""
"2","Miscontrol","Miscontrol 037","96:46","96:52","96:56","5806464","5816464","#10 Talvitie E.","","","0.036","0.333","","","","","","","","","","","","",""
"2","Pass","Pass 382","97:20","97:26","97:30","5840864","5850864","#9 Pinomaa A.","","Outcome: Corner | New subcategory 2: failed","0.017","0.007","0.069","0.563","","","","","","","","","","",""
"2","Pass","Pass 383","97:27","97:33","97:37","5847204","5857204","#37 Rajamäki N.","","Outcome: Pass | New subcategory 2: failed","0.254","0.578","0.078","0.578","","","","","","","","","","",""
"2","fouls","fouls 014","97:26","97:34","97:40","5846804","5860804","#4 Paappanen E.","","New subcategory 1: Free kick | New subcategory 2: no card","0.130","0.504","","","","","","","","","","","","",""
"2","extraction ","extraction  095","97:40","97:50","98:00","5860804","5880804","#9 Pinomaa A.","","Outcome: interception","0.258","0.756","","","","","","","","","","","","",""
"2","Pass","Pass 384","97:48","97:54","97:58","5868544","5878544","#9 Pinomaa A.","","Outcome: Pass | New subcategory 2: success","0.273","0.807","0.092","0.919","","","","","","","","","","",""
"2","Pass","Pass 385","97:49","97:55","97:59","5869164","5879164","#29 Haapalainen R.","","Outcome: Cross | New subcategory 2: failed","0.145","0.941","0.097","0.459","","","","","","","","","","",""
"2","Shot","Shot 023","97:52","97:59","98:04","5872944","5884944","#10 Talvitie E.","","New subcategory 1: Off target | New subcategory 2: open ","0.216","0.615","0.097","0.556","","","","","","","","","","",""
"2","extraction ","extraction  096","98:00","98:10","98:20","5880504","5900504","#30 Lehtinen Lassi","","Outcome: clearance","0.770","0.770","","","","","","","","","","","","",""
"2","Pass","Pass 386","98:11","98:17","98:21","5891644","5901644","#28 Rönni T.","","Outcome: Pass | New subcategory 2: failed","0.652","0.800","0.718","0.778","","","","","","","","","","",""
"2","Pass","Pass 387","99:18","99:24","99:28","5958584","5968584","#30 Lehtinen Lassi","","Outcome: Free kick | New subcategory 2: success","0.784","0.652","0.325","0.926","","","","","","","","","","",""
"2","Dribble","Dribble 027","99:25","99:31","99:35","5965284","5975284","#29 Haapalainen R.","","New subcategory 1: Offensive | New subcategory 3: Failure","0.254","0.941","0.187","0.948","","","","","","","","","","",""
"2","Progressive run","Progressive run 012","99:18","99:28","99:38","5958044","5978044","#29 Haapalainen R.","","","0.315","0.919","0.149","0.948","","","","","","","","","","",""
"2","pressing","pressing 074","99:32","99:42","99:52","5972364","5992364","#4 Paappanen E.","","","0.509","0.244","0.462","0.244","","","","","","","","","","",""
"2","P/A","P/A 081","99:40","99:50","100:00","5980564","6000564","","","Outcome: Success | : pass","0.642","0.763","0.803","0.274","","","","","","","","","","",""
"2","Dribble","Dribble 028","99:46","99:52","99:56","5986764","5996764","#15 laine S.","","New subcategory 1: Defensive | New subcategory 3: Failure","0.836","0.193","0.865","0.267","","","","","","","","","","",""
"2","P/A","P/A 082","99:56","100:06","100:16","5996424","6016424","","",": cross | Outcome: Failure","0.756","0.244","0.893","0.622","","","","","","","","","","",""
"2","Aerial","Aerial 033","100:02","100:08","100:12","6002224","6012224","#40 Puhakainen L.","","New subcategory 1: Defensive | New subcategory 2: Failure","0.870","0.600","","","","","","","","","","","","",""
"2","extraction ","extraction  097","100:12","100:22","100:32","6012224","6032224","#28 Rönni T.","","Outcome: interception","0.775","0.319","","","","","","","","","","","","",""
"2","Pass","Pass 388","100:29","100:35","100:39","6029504","6039504","#30 Lehtinen Lassi","","Outcome: Free kick | New subcategory 2: success","0.789","0.289","0.533","0.259","","","","","","","","","","",""
"2","Pass","Pass 389","100:31","100:37","100:41","6031884","6041884","#10 Talvitie E.","","Outcome: Pass | New subcategory 2: success","0.486","0.244","0.424","0.281","","","","","","","","","","",""
"2","Pass","Pass 390","100:39","100:45","100:49","6039624","6049624","#9 Pinomaa A.","","Outcome: Pass | New subcategory 2: success","0.296","0.193","0.410","0.126","","","","","","","","","","",""
"2","Pass","Pass 391","100:42","100:48","100:52","6042924","6052924","#15 laine S.","","Outcome: Pass | New subcategory 2: success","0.320","0.163","0.201","0.067","","","","","","","","","","",""
"2","Pass","Pass 392","100:45","100:51","100:55","6045484","6055484","#37 Rajamäki N.","","Outcome: Through pass | New subcategory 2: success","0.235","0.044","0.097","0.104","","","","","","","","","","",""
"2","Pass","Pass 393","100:48","100:54","100:58","6048404","6058404","#37 Rajamäki N.","","Outcome: assist | New subcategory 2: success","0.073","0.259","0.121","0.533","","","","","","","","","","",""
"2","Shot","Shot 024","100:49","100:56","101:01","6049284","6061284","#28 Rönni T.","","New subcategory 1: goal | New subcategory 2: open ","0.126","0.511","0.000","0.570","","","","","","","","","","",""
"2","pressing","pressing 075","101:37","101:47","101:57","6097924","6117924","#37 Rajamäki N.","","","0.448","0.259","0.443","0.193","","","","","","","","","","",""
"2","pressing","pressing 076","101:41","101:51","102:01","6101264","6121264","#15 laine S.","","","0.723","0.126","0.690","0.126","","","","","","","","","","",""
"2","Pass","Pass 394","101:47","101:53","101:57","6107504","6117504","#15 laine S.","","Outcome: Pass | New subcategory 2: success","0.524","0.044","0.438","0.133","","","","","","","","","","",""
"2","Pass","Pass 395","101:50","101:56","102:00","6110544","6120544","#9 Pinomaa A.","","Outcome: Through pass | New subcategory 2: success","0.448","0.178","0.268","0.200","","","","","","","","","","",""
"2","fouls","fouls 015","101:52","102:00","102:06","6112304","6126304","#10 Talvitie E.","","New subcategory 1: offside | New subcategory 2: no card","0.249","0.252","","","","","","","","","","","","",""
"2","P/A","P/A 083","102:13","102:23","102:33","6133264","6153264","","","Outcome: Success | : throw-in","0.377","0.015","0.391","0.156","","","","","","","","","","",""
"2","fouls","fouls 016","102:17","102:25","102:31","6137624","6151624","#15 laine S.","","New subcategory 1: Free kick | New subcategory 2: no card","0.415","0.178","","","","","","","","","","","","",""
"2","P/A","P/A 084","102:27","102:37","102:47","6147344","6167344","","",": free kick | Outcome: Failure","0.382","0.193","0.723","0.274","","","","","","","","","","",""
"2","Aerial","Aerial 034","102:32","102:38","102:42","6152204","6162204","#4 Paappanen E.","","New subcategory 1: Defensive | New subcategory 2: Success","0.770","0.326","","","","","","","","","","","","",""
"2","P/A","P/A 085","102:32","102:42","102:52","6152404","6172404","","","Outcome: Success | : throw-in","0.699","0.030","0.709","0.207","","","","","","","","","","",""
"2","fouls","fouls 017","102:39","102:47","102:53","6159464","6173464","#37 Rajamäki N.","","New subcategory 1: Free kick | New subcategory 2: no card","0.846","0.104","","","","","","","","","","","","",""
"2","P/A","P/A 086","103:19","103:29","103:39","6199784","6219784","","","Outcome: Success | : free kick","0.855","0.052","0.912","0.437","","","","","","","","","","",""
"2","P/A","P/A 087","103:20","103:30","103:40","6200124","6220124","","",": assist | Outcome: Success","0.922","0.393","0.960","0.444","","","","","","","","","","",""
"2","SH/A","SH/A 003","103:20","103:30","103:40","6200564","6220564","","",": GOAL | .: open","0.941","0.459","1.000","0.548","","","","","","","","","","",""
"2","Pass","Pass 396","103:52","103:58","104:02","6232644","6242644","#9 Pinomaa A.","","Outcome: Pass | New subcategory 2: success","0.491","0.526","0.723","0.556","","","","","","","","","","",""
"2","Pass","Pass 397","103:56","104:02","104:06","6236744","6246744","#4 Paappanen E.","","Outcome: progressive  | New subcategory 2: success","0.704","0.556","0.509","0.533","","","","","","","","","","",""
"2","Miscontrol","Miscontrol 038","104:01","104:07","104:11","6241804","6251804","#4 Paappanen E.","","","0.690","0.578","","","","","","","","","","","","",""
"2","P/A","P/A 088","104:03","104:13","104:23","6243124","6263124","","","Outcome: Success | : cross","0.808","0.319","0.908","0.689","","","","","","","","","","",""
"2","SH/A","SH/A 004","104:03","104:13","104:23","6243324","6263324","","",": OFF TARGET | .: open","0.893","0.696","1.000","0.437","","","","","","","","","","",""
"2","Pass","Pass 398","104:38","104:44","104:48","6278644","6288644","#30 Lehtinen Lassi","","Outcome: goal kick | New subcategory 2: success","0.936","0.615","0.315","0.933","","","","","","","","","","",""
"2","Aerial","Aerial 035","104:39","104:45","104:49","6279164","6289164","#28 Rönni T.","","New subcategory 1: Offensive | New subcategory 2: Success","0.363","0.793","","","","","","","","","","","","",""
"2","Pass","Pass 399","104:39","104:45","104:49","6279324","6289324","#28 Rönni T.","","Outcome: Pass | New subcategory 2: failed","0.363","0.815","0.353","0.978","","","","","","","","","","",""
"2","P/A","P/A 089","104:45","104:55","105:05","6285544","6305544","","",": throw-in | Outcome: Failure","0.391","0.978","0.552","0.926","","","","","","","","","","",""
"2","counter pressing","counter pressing 019","104:51","105:01","105:11","6291464","6311464","#19 Gebala M.","","New subcategory 1: success","0.562","0.948","","","","","","","","","","","","",""
"2","Pass","Pass 400","105:27","105:33","105:37","6327124","6337124","#19 Gebala M.","","Outcome: Free kick | New subcategory 2: success","0.429","0.963","0.576","0.904","","","","","","","","","","",""
"2","Pass","Pass 401","105:28","105:34","105:38","6328284","6338284","#40 Puhakainen L.","","Outcome: Pass | New subcategory 2: success","0.600","0.933","0.709","0.770","","","","","","","","","","",""
"2","Pass","Pass 402","105:33","105:39","105:43","6333524","6343524","#30 Lehtinen Lassi","","New subcategory 2: success | Outcome: Through pass","0.737","0.652","0.235","0.674","","","","","","","","","","",""
"2","Progressive run","Progressive run 013","105:29","105:39","105:49","6329504","6349504","#9 Pinomaa A.","","","0.254","0.711","0.097","0.659","","","","","","","","","","",""
"2","SH/A","SH/A 005","105:30","105:40","105:50","6330344","6350344","","",": OFF TARGET | .: open","0.121","0.637","0.000","0.452","","","","","","","","","","",""
"2","Pass","Pass 403","106:13","106:19","106:23","6373084","6383084","#10 Talvitie E.","","Outcome: Corner | New subcategory 2: success","0.012","0.015","0.083","0.578","","","","","","","","","","",""
"2","Aerial","Aerial 036","106:13","106:19","106:23","6373084","6383084","#40 Puhakainen L.","","New subcategory 1: Offensive | New subcategory 2: Success","0.097","0.593","","","","","","","","","","","","",""
"2","SH/A","SH/A 006","106:09","106:19","106:29","6369404","6389404","#40 Puhakainen L.","",".: header | : OFF TARGET","0.097","0.615","0.021","0.637","","","","","","","","","","",""
"2","extraction ","extraction  098","106:20","106:30","106:40","6380464","6400464","#30 Lehtinen Lassi","","Outcome: recovery","0.879","0.489","","","","","","","","","","","","",""
"2","Pass","Pass 404","106:34","106:40","106:44","6394824","6404824","","","Outcome: Pass | New subcategory 2: failed","0.879","0.459","0.372","0.178","","","","","","","","","","",""
"2","Aerial","Aerial 037","106:38","106:44","106:48","6398504","6408504","#28 Rönni T.","","New subcategory 1: Defensive | New subcategory 2: Success","0.690","0.378","","","","","","","","","","","","",""
"2","Pass","Pass 405","106:40","106:46","106:50","6400364","6410364","#28 Rönni T.","","Outcome: Pass | New subcategory 2: failed","0.718","0.385","0.803","0.363","","","","","","","","","","",""
"2","Ground","Ground 025","106:41","106:47","106:51","6401864","6411864","#15 laine S.","","New subcategory 1: Defensive | New subcategory 2: Success","0.874","0.274","","","","","","","","","","","","",""
"2","Pass","Pass 406","107:17","107:23","107:27","6437344","6447344","#30 Lehtinen Lassi","","Outcome: goal kick | New subcategory 2: failed","0.945","0.593","0.448","0.941","","","","","","","","","","",""
"2","extraction ","extraction  099","107:24","107:34","107:44","6444764","6464764","#4 Paappanen E.","","Outcome: clearance","0.780","0.652","","","","","","","","","","","","",""
"2","extraction ","extraction  100","107:35","107:45","107:55","6455284","6475284","#30 Lehtinen Lassi","","Outcome: recovery","0.879","0.422","","","","","","","","","","","","",""
"2","Pass","Pass 407","107:56","108:02","108:06","6476044","6486044","#30 Lehtinen Lassi","","Outcome: Pass | New subcategory 2: failed","0.889","0.385","0.453","0.081","","","","","","","","","","",""
"2","extraction ","extraction  101","107:56","108:06","108:16","6476424","6496424","#15 laine S.","","Outcome: recovery","0.699","0.067","","","","","","","","","","","","",""
"2","Pass","Pass 408","108:01","108:07","108:11","6481004","6491004","#15 laine S.","","Outcome: Pass | New subcategory 2: success","0.709","0.059","0.756","0.215","","","","","","","","","","",""
"2","Pass","Pass 409","108:04","108:10","108:14","6484844","6494844","#21 Ljunglin M.","","Outcome: Pass | New subcategory 2: failed","0.742","0.081","0.874","0.237","","","","","","","","","","",""
"2","Miscontrol","Miscontrol 039","108:07","108:13","108:17","6487384","6497384","#30 Lehtinen Lassi","","","0.884","0.281","","","","","","","","","","","","",""
"2","Dribble","Dribble 029","108:11","108:17","108:21","6491624","6501624","#30 Lehtinen Lassi","","New subcategory 1: Defensive | New subcategory 3: Failure","0.983","0.289","0.950","0.341","","","","","","","","","","",""
"2","Pass","Pass 410","108:45","108:51","108:55","6525334","6535334","#30 Lehtinen Lassi","","Outcome: goal kick | New subcategory 2: failed","0.945","0.556","0.533","0.778","","","","","","","","","","",""
"2","extraction ","extraction  102","108:49","108:59","109:09","6529234","6549234","#28 Rönni T.","","Outcome: interception","0.713","0.748","","","","","","","","","","","","",""
"2","Pass","Pass 411","108:59","109:05","109:09","6539594","6549594","#28 Rönni T.","","Outcome: Pass | New subcategory 2: success","0.633","0.948","0.652","0.741","","","","","","","","","","",""
"2","Pass","Pass 412","109:00","109:06","109:10","6540394","6550394","#21 Ljunglin M.","","Outcome: Pass | New subcategory 2: success","0.652","0.785","0.756","0.896","","","","","","","","","","",""
"2","Pass","Pass 413","109:04","109:10","109:14","6544354","6554354","#40 Puhakainen L.","","Outcome: Pass | New subcategory 2: success","0.789","0.933","0.865","0.637","","","","","","","","","","",""
"2","Pass","Pass 414","109:05","109:11","109:15","6545674","6555674","#30 Lehtinen Lassi","","Outcome: Pass | New subcategory 2: success","0.889","0.622","0.832","0.970","","","","","","","","","","",""
"","","","","","","","","","","","","","","","","","","","","","","","","",""
"","","","","","","","","","","","","","","","","","","","","","","","","",""
"","","","","","","","","","","","","","","","","","","","","","","","","",""
"","","","","","","","","","","","","","","","","","","","","","","","","",""
"","","","","","","","","","","","","","","","","","","","","","","","","",""
"","","","","","","","","","","","","","","","","","","","","","","","","",""
"","","","","","","","","","","","","","","","","","","","","","","","","",""
"","","","","","","","","","","","","","","","","","","","","","","","","",""
"","","","","","","","","","","","","","","","","","","","","","","","","",""
"","","","","","","","","","","","","","","","","","","","","","","","","",""
"","","","","","","","","","","","","","","","","","","","","","","","","",""
"","","","","","","","","","","","","","","","","","","","","","","","","",""
"","","","","","","","","","","","","","","","","","","","","","","","","",""
"","","","","","","","","","","","","","","","","","","","","","","","","",""
"","","","","","","","","","","","","","","","","","","","","","","","","",""
"","","","","","","","","","","","","","","","","","","","","","","","","",""
"","","","","","","","","","","","","","","","","","","","","","","","","",""
"","","","","","","","","","","","","","","","","","","","","","","","","",""
"","","","","","","","","","","","","","","","","","","","","","","","","",""
"","","","","","","","","","","","","","","","","","","","","","","","","",""
"","","","","","","","","","","","","","","","","","","","","","","","","",""
"","","","","","","","","","","","","","","","","","","","","","","","","",""
"","","","","","","","","","","","","","","","","","","","","","","","","",""
"","","","","","","","","","","","","","","","","","","","","","","","","",""
"","","","","","","","","","","","","","","","","","","","","","","","","",""
"","","","","","","","","","","","","","","","","","","","","","","","","",""
"","","","","","","","","","","","","","","","","","","","","","","","","",""
"","","","","","","","","","","","","","","","","","","","","","","","","",""
"","","","","","","","","","","","","","","","","","","","","","","","","",""
"","","","","","","","","","","","","","","","","","","","","","","","","",""
"","","","","","","","","","","","","","","","","","","","","","","","","",""
"","","","","","","","","","","","","","","","","","","","","","","","","",""
"","","","","","","","","","","","","","","","","","","","","","","","","",""
"","","","","","","","","","","","","","","","","","","","","","","","","",""
"","","","","","","","","","","","","","","","","","","","","","","","","",""
"","","","","","","","","","","","","","","","","","","","","","","","","",""
"","","","","","","","","","","","","","","","","","","","","","","","","",""
"","","","","","","","","","","","","","","","","","","","","","","","","",""
"","","","","","","","","","","","","","","","","","","","","","","","","",""
"","","","","","","","","","","","","","","","","","","","","","","","","",""
"","","","","","","","","","","","","","","","","","","","","","","","","",""
"","","","","","","","","","","","","","","","","","","","","","","","","",""
"","","","","","","","","","","","","","","","","","","","","","","","","",""
"","","","","","","","","","","","","","","","","","","","","","","","","",""
"","","","","","","","","","","","","","","","","","","","","","","","","",""
"","","","","","","","","","","","","","","","","","","","","","","","","",""
"","","","","","","","","","","","","","","","","","","","","","","","","",""
"","","","","","","","","","","","","","","","","","","","","","","","","",""
"","","","","","","","","","","","","","","","","","","","","","","","","",""
"","","","","","","","","","","","","","","","","","","","","","","","","",""
"","","","","","","","","","","","","","","","","","","","","","","","","",""
"","","","","","","","","","","","","","","","","","","","","","","","","",""
"","","","","","","","","","","","","","","","","","","","","","","","","",""
"","","","","","","","","","","","","","","","","","","","","","","","","",""
"","","","","","","","","","","","","","","","","","","","","","","","","",""
"","","","","","","","","","","","","","","","","","","","","","","","","",""
"","","","","","","","","","","","","","","","","","","","","","","","","",""
"","","","","","","","","","","","","","","","","","","","","","","","","",""
"","","","","","","","","","","","","","","","","","","","","","","","","",""
"","","","","","","","","","","","","","","","","","","","","","","","","",""
"","","","","","","","","","","","","","","","","","","","","","","","","",""
"","","","","","","","","","","","","","","","","","","","","","","","","",""
"","","","","","","","","","","","","","","","","","","","","","","","","",""
"","","","","","","","","","","","","","","","","","","","","","","","","",""
"","","","","","","","","","","","","","","","","","","","","","","","","",""
"","","","","","","","","","","","","","","","","","","","","","","","","",""
"","","","","","","","","","","","","","","","","","","","","","","","","",""
"","","","","","","","","","","","","","","","","","","","","","","","","",""
"","","","","","","","","","","","","","","","","","","","","","","","","",""
"","","","","","","","","","","","","","","","","","","","","","","","","",""
"","","","","","","","","","","","","","","","","","","","","","","","","",""
"","","","","","","","","","","","","","","","","","","","","","","","","",""
"","","","","","","","","","","","","","","","","","","","","","","","","",""
"","","","","","","","","","","","","","","","","","","","","","","","","",""
"","","","","","","","","","","","","","","","","","","","","","","","","",""
"","","","","","","","","","","","","","","","","","","","","","","","","",""
"","","","","","","","","","","","","","","","","","","","","","","","","",""
"","","","","","","","","","","","","","","","","","","","","","","","","",""
"","","","","","","","","","","","","","","","","","","","","","","","","",""
"","","","","","","","","","","","","","","","","","","","","","","","","",""
"","","","","","","","","","","","","","","","","","","","","","","","","",""
"","","","","","","","","","","","","","","","","","","","","","","","","",""
"","","","","","","","","","","","","","","","","","","","","","","","","",""
"","","","","","","","","","","","","","","","","","","","","","","","","",""
"","","","","","","","","","","","","","","","","","","","","","","","","",""
"","","","","","","","","","","","","","","","","","","","","","","","","",""
"","","","","","","","","","","","","","","","","","","","","","","","","",""
"","","","","","","","","","","","","","","","","","","","","","","","","",""
"","","","","","","","","","","","","","","","","","","","","","","","","",""
"","","","","","","","","","","","","","","","","","","","","","","","","",""
"","","","","","","","","","","","","","","","","","","","","","","","","",""
"","","","","","","","","","","","","","","","","","","","","","","","","",""
"","","","","","","","","","","","","","","","","","","","","","","","","",""
"","","","","","","","","","","","","","","","","","","","","","","","","",""
"","","","","","","","","","","","","","","","","","","","","","","","","",""
"","","","","","","","","","","","","","","","","","","","","","","","","",""
"","","","","","","","","","","","","","","","","","","","","","","","","",""
"","","","","","","","","","","","","","","","","","","","","","","","","",""
"","","","","","","","","","","","","","","","","","","","","","","","","",""
"","","","","","","","","","","","","","","","","","","","","","","","","",""
"","","","","","","","","","","","","","","","","","","","","","","","","",""
"","","","","","","","","","","","","","","","","","","","","","","","","",""
